Unnamed: 0,brand,processor_brand,processor_name,processor_gnrtn,ram_gb,ram_type,ssd,hdd,os,os_bit,graphic_card_gb,weight,warranty,Touchscreen,msoffice,Price,rating,Number of Ratings,Number of Reviews
0,ASUS,Intel,Core i3,10,4,DDR4,0,1024,Windows,64-bit,0,Casual,0,No,No,34649.0,2,3.0,0
1,Lenovo,Intel,Core i3,10,4,DDR4,0,1024,Windows,64-bit,0,Casual,0,No,No,38999.0,3,65.0,5
2,Lenovo,Intel,Core i3,10,4,DDR4,0,1024,Windows,64-bit,0,Casual,0,No,No,39999.0,3,8.0,1
3,ASUS,Intel,Core i5,10,8,DDR4,512,0,Windows,32-bit,2,Casual,0,No,No,69990.0,3,0.0,0
4,ASUS,Intel,Celeron Dual,0,4,DDR4,0,512,Windows,64-bit,0,Casual,0,No,No,26990.0,3,0.0,0
5,ASUS,Intel,Celeron Dual,0,4,DDR4,0,512,Windows,64-bit,0,Casual,0,No,No,22990.0,3,0.0,0
6,ASUS,Intel,Celeron Dual,0,4,DDR4,0,512,Windows,32-bit,0,Casual,0,No,No,21990.0,3,31.0,3
7,ASUS,Intel,Core i5,10,8,DDR4,0,1024,Windows,32-bit,2,Casual,0,No,No,58799.0,3,0.0,0
8,Lenovo,Intel,Core i5,10,4,DDR4,0,1024,Windows,32-bit,0,Casual,0,No,No,49999.0,3,0.0,0
9,acer,AMD,Ryzen 5,10,4,DDR4,0,512,Windows,32-bit,4,Casual,0,No,No,59990.0,4,348.75,45
10,acer,AMD,Ryzen 5,10,4,DDR4,0,512,Windows,32-bit,6,Casual,0,No,No,93700.0,4,259.0,45
11,acer,AMD,Ryzen 5,10,4,DDR4,0,512,Windows,32-bit,4,Casual,0,No,No,72990.0,4,348.75,45
12,Avita,Intel,Celeron Dual,0,4,DDR4,0,512,Windows,64-bit,0,Casual,0,No,No,17490.0,3,348.75,45
13,ASUS,Intel,Celeron Dual,0,4,DDR4,0,512,Windows,64-bit,0,Casual,0,No,No,22990.0,3,0.0,0
14,ASUS,Intel,Core i3,11,4,DDR4,256,0,Windows,64-bit,0,Casual,0,No,No,35990.0,3,0.0,0
15,HP,Intel,Core i3,11,8,DDR4,256,0,Windows,64-bit,0,Casual,1,Yes,No,56490.0,3,0.0,0
16,HP,Intel,Core i5,11,8,DDR4,256,0,Windows,64-bit,0,Casual,1,No,No,65390.0,3,0.0,0
17,Lenovo,Intel,Celeron Dual,0,4,DDR4,256,0,Windows,64-bit,0,ThinNlight,0,No,No,31999.0,4,286.0,19
18,HP,Intel,Celeron Dual,0,8,DDR4,256,0,Windows,64-bit,0,ThinNlight,0,No,No,32490.0,4,58.0,6
19,Lenovo,Intel,Celeron Dual,0,4,DDR4,256,0,Windows,64-bit,0,ThinNlight,0,No,No,31799.0,3,0.0,0
20,ASUS,Intel,Celeron Dual,0,4,DDR4,256,0,Windows,64-bit,0,Casual,0,No,No,29890.0,4,7.0,0
21,ASUS,Intel,Celeron Dual,0,4,DDR4,0,1024,Windows,64-bit,0,Casual,1,No,No,23990.0,3,348.75,45
22,HP,Intel,Core i3,7,4,DDR4,0,1024,Windows,64-bit,0,Casual,0,No,No,32955.0,4,311.0,27
23,HP,Intel,Core i5,7,4,DDR4,0,1024,Windows,32-bit,2,Casual,0,No,No,46200.0,4,47.0,7
24,ASUS,Intel,Core i3,11,4,DDR4,256,0,Windows,64-bit,0,ThinNlight,0,No,No,34429.0,4,37.0,6
25,Lenovo,Intel,Core i3,10,8,DDR4,256,0,Windows,32-bit,0,ThinNlight,2,No,Yes,37990.0,4,348.75,45
26,ASUS,Intel,Core i3,11,4,DDR4,256,0,Windows,32-bit,0,Casual,1,No,Yes,35990.0,4,348.75,45
27,ASUS,Intel,Core i3,10,8,DDR4,256,0,Windows,64-bit,0,ThinNlight,0,No,No,33980.0,4,67.0,3
28,HP,Intel,Core i3,11,8,DDR4,256,0,Windows,64-bit,0,ThinNlight,1,No,Yes,39990.0,4,273.0,30
29,DELL,Intel,Core i3,10,8,DDR4,256,0,Windows,64-bit,0,ThinNlight,1,No,Yes,39490.0,4,348.75,45
30,HP,Intel,Core i3,11,8,DDR4,256,0,Windows,64-bit,0,Casual,1,Yes,Yes,53990.0,4,14.0,0
31,acer,Intel,Core i3,11,8,DDR4,256,0,Windows,64-bit,0,ThinNlight,1,No,No,38990.0,3,0.0,0
32,ASUS,Intel,Core i3,11,8,DDR4,256,0,Windows,64-bit,0,ThinNlight,1,No,No,37990.0,4,284.0,39
33,ASUS,Intel,Core i3,11,8,DDR4,256,0,Windows,64-bit,0,Casual,1,No,Yes,37890.0,4,44.0,5
34,Lenovo,Intel,Core i3,11,8,DDR4,256,0,Windows,64-bit,0,ThinNlight,1,No,No,38990.0,4,33.0,4
35,Lenovo,Intel,Core i3,10,8,DDR4,256,0,Windows,64-bit,0,ThinNlight,0,No,No,37990.0,4,286.0,36
36,DELL,Intel,Core i3,11,8,DDR4,256,0,Windows,64-bit,0,ThinNlight,1,No,Yes,41990.0,3,10.0,5
37,ASUS,Intel,Core i3,11,8,DDR4,256,0,Windows,64-bit,0,Casual,1,No,No,45990.0,4,348.75,45
38,Lenovo,Intel,Core i3,11,8,DDR4,256,0,Windows,64-bit,0,ThinNlight,1,No,No,39990.0,4,348.75,45
39,DELL,Intel,Core i3,11,8,DDR4,256,0,Windows,64-bit,0,ThinNlight,0,No,No,42490.0,4,9.0,1
40,DELL,Intel,Core i3,10,4,DDR4,256,0,Windows,64-bit,0,ThinNlight,1,No,Yes,36990.0,4,348.75,45
41,Lenovo,Intel,Core i3,11,8,DDR4,256,0,Windows,64-bit,0,Casual,1,Yes,Yes,53990.0,4,299.0,41
42,ASUS,Intel,Core i3,11,8,DDR4,256,0,Windows,64-bit,0,ThinNlight,0,No,No,36990.0,4,20.0,1
43,Lenovo,Intel,Core i3,10,4,DDR4,256,0,Windows,64-bit,0,Casual,2,No,No,38940.0,4,348.75,45
44,DELL,Intel,Core i3,10,4,DDR4,256,0,Windows,64-bit,0,Casual,1,No,Yes,39490.0,4,348.75,45
45,ASUS,Intel,Core i3,11,8,DDR4,256,0,Windows,64-bit,0,Casual,1,No,No,45990.0,4,348.75,45
46,Lenovo,Intel,Core i3,10,8,DDR4,256,0,Windows,64-bit,0,Casual,2,No,Yes,39999.0,5,4.0,0
47,DELL,Intel,Core i3,11,8,DDR4,256,0,Windows,64-bit,0,ThinNlight,1,No,No,42990.0,4,17.0,2
48,DELL,Intel,Core i3,11,8,DDR4,256,0,Windows,64-bit,0,Casual,1,Yes,No,49990.0,4,24.0,5
49,DELL,Intel,Core i3,11,8,DDR4,256,0,Windows,64-bit,0,ThinNlight,1,No,Yes,41490.0,4,348.75,45
50,DELL,Intel,Core i3,11,8,DDR4,256,0,Windows,64-bit,0,ThinNlight,0,No,No,41990.0,4,216.0,21
51,Lenovo,Intel,Core i3,11,8,DDR4,256,0,Windows,64-bit,0,ThinNlight,1,No,Yes,41990.0,4,348.75,45
52,ASUS,Intel,Core i3,11,8,DDR4,256,0,Windows,64-bit,0,Casual,1,No,No,38490.0,3,19.0,3
53,Lenovo,Intel,Core i3,11,4,DDR4,256,0,Windows,64-bit,0,ThinNlight,1,No,Yes,38990.0,4,106.0,13
54,Lenovo,Intel,Core i3,11,4,DDR4,256,0,Windows,64-bit,0,Casual,1,No,Yes,44990.0,4,42.0,4
55,Lenovo,Intel,Core i3,10,4,DDR4,256,0,Windows,64-bit,0,ThinNlight,0,No,No,36490.0,3,0.0,0
56,Lenovo,Intel,Core i3,10,8,DDR4,256,0,Windows,32-bit,0,Casual,0,No,No,38970.0,3,0.0,0
57,HP,Intel,Core i3,11,4,DDR4,256,0,Windows,64-bit,0,ThinNlight,1,No,Yes,44900.0,4,348.75,45
58,MSI,Intel,Core i3,10,4,DDR4,256,0,Windows,64-bit,0,ThinNlight,0,No,No,38990.0,4,53.0,11
59,DELL,Intel,Core i3,11,4,DDR4,256,0,Windows,64-bit,0,ThinNlight,0,No,No,44427.0,3,0.0,0
60,ASUS,Intel,Core i3,10,4,DDR4,256,0,Windows,64-bit,0,Casual,1,No,No,35990.0,3,0.0,0
61,Lenovo,Intel,Core i3,10,4,DDR4,256,0,Windows,64-bit,0,Casual,1,No,Yes,40200.0,3,48.0,1
62,Lenovo,Intel,Core i3,10,4,DDR4,256,0,Windows,32-bit,0,Casual,0,No,No,40990.0,3,3.0,0
63,DELL,Intel,Core i3,10,4,DDR4,256,0,Windows,64-bit,0,ThinNlight,1,No,No,42490.0,3,0.0,0
64,acer,Intel,Celeron Dual,0,4,DDR4,0,512,Windows,32-bit,0,Casual,0,No,No,23990.0,3,61.0,4
65,DELL,Intel,Core i3,11,4,DDR4,256,0,Windows,64-bit,0,Casual,0,Yes,No,71999.0,4,97.0,13
66,ASUS,Intel,Core i3,11,4,DDR4,256,0,Windows,64-bit,0,Casual,1,No,No,39990.0,4,181.0,19
67,Lenovo,Intel,Core i3,10,4,DDR4,256,0,Windows,64-bit,0,Casual,1,No,Yes,41998.0,4,348.75,39
68,ASUS,Intel,Core i3,11,4,DDR4,256,0,Windows,32-bit,0,Casual,0,No,No,41990.0,3,0.0,0
69,Lenovo,Intel,Core i3,10,4,DDR4,256,0,Windows,64-bit,0,Casual,2,No,Yes,39999.0,3,0.0,0
70,ASUS,Intel,Core i3,10,4,DDR4,256,0,Windows,32-bit,0,Casual,0,No,No,39990.0,3,0.0,0
71,Lenovo,Intel,Core i3,11,4,DDR4,256,0,Windows,64-bit,0,Casual,0,No,No,39998.0,4,10.0,1
72,HP,Intel,Core i3,11,4,DDR4,256,0,Windows,64-bit,0,ThinNlight,1,No,Yes,42490.0,4,348.75,45
73,Lenovo,Intel,Core i3,10,4,DDR4,256,0,Windows,32-bit,0,Casual,0,No,No,41990.0,3,3.0,0
74,ASUS,Intel,Core i3,11,4,DDR4,256,0,Windows,32-bit,0,Casual,0,No,No,48490.0,3,0.0,0
75,HP,Intel,Core i3,11,4,DDR4,256,0,Windows,64-bit,0,ThinNlight,1,No,Yes,44376.0,4,348.75,45
76,DELL,Intel,Core i3,11,4,DDR4,256,0,Windows,32-bit,0,Casual,0,No,No,43900.0,3,0.0,0
77,DELL,Intel,Core i3,11,4,DDR4,256,0,Windows,64-bit,0,Casual,1,No,No,46690.0,3,0.0,0
78,Lenovo,Intel,Core i3,10,4,DDR4,256,0,Windows,32-bit,0,Casual,0,No,No,40990.0,5,1.0,1
79,DELL,Intel,Core i3,10,4,DDR4,256,0,Windows,64-bit,0,ThinNlight,1,No,No,39990.0,4,44.0,2
80,Lenovo,Intel,Core i3,11,4,DDR4,256,0,Windows,64-bit,0,ThinNlight,0,No,No,43990.0,3,0.0,0
81,ASUS,Intel,Core i3,11,4,DDR4,256,0,Windows,64-bit,0,ThinNlight,1,No,No,36990.0,4,70.0,9
82,DELL,Intel,Core i3,11,8,DDR4,256,0,Windows,64-bit,0,Casual,1,No,No,48500.0,3,0.0,0
83,ASUS,Intel,Core i3,11,8,DDR4,256,0,Windows,64-bit,0,Casual,0,No,No,48990.0,3,0.0,0
84,ASUS,Intel,Celeron Dual,0,4,LPDDR4,0,512,Windows,32-bit,0,Casual,0,No,No,23490.0,4,348.75,45
85,HP,Intel,Core i3,8,4,DDR4,256,0,Windows,64-bit,0,Casual,1,Yes,Yes,54238.0,4,71.0,8
86,ASUS,Intel,Core i3,10,8,DDR4,512,0,Windows,64-bit,0,Casual,1,No,No,37990.0,4,348.75,45
87,HP,Intel,Core i3,11,8,DDR4,512,0,Windows,64-bit,0,ThinNlight,1,No,Yes,42990.0,4,158.0,18
88,HP,Intel,Core i3,11,8,DDR4,512,0,Windows,64-bit,0,ThinNlight,1,No,Yes,42990.0,4,348.75,45
89,ASUS,Intel,Core i3,10,4,DDR4,512,0,Windows,64-bit,0,Casual,1,No,No,35990.0,4,130.0,12
90,ASUS,Intel,Core i3,11,8,DDR4,512,0,Windows,64-bit,0,Casual,1,No,No,42990.0,4,30.0,4
91,ASUS,Intel,Core i3,11,8,LPDDR4X,512,0,Windows,32-bit,0,Casual,1,Yes,Yes,51990.0,4,6.0,2
92,ASUS,Intel,Core i3,11,8,DDR4,512,0,Windows,64-bit,0,Casual,1,No,No,48990.0,4,174.0,30
93,ASUS,Intel,Core i3,11,8,DDR4,512,0,Windows,64-bit,0,Casual,1,No,No,42990.0,4,40.0,7
94,Lenovo,Intel,Core i3,10,8,DDR4,512,0,Windows,64-bit,0,ThinNlight,1,No,No,38990.0,3,13.0,1
95,DELL,Intel,Core i3,11,8,DDR4,512,0,Windows,64-bit,0,ThinNlight,0,No,No,45990.0,4,184.0,29
96,HP,Intel,Core i3,10,8,DDR4,512,0,Windows,64-bit,0,ThinNlight,1,No,Yes,42490.0,4,348.75,45
97,HP,Intel,Core i3,11,8,DDR4,512,0,Windows,64-bit,0,ThinNlight,1,No,Yes,43970.0,4,348.75,45
98,ASUS,Intel,Core i3,10,4,DDR4,512,0,Windows,64-bit,0,ThinNlight,1,No,Yes,39990.0,4,348.75,45
99,MSI,Intel,Core i3,11,8,DDR4,512,0,Windows,64-bit,0,ThinNlight,0,No,No,48990.0,4,17.0,3
100,HP,Intel,Core i3,11,8,DDR4,512,0,Windows,64-bit,0,Casual,1,No,Yes,54990.0,4,35.0,3
101,MSI,Intel,Core i3,10,8,DDR4,512,0,Windows,64-bit,0,ThinNlight,0,No,No,40990.0,4,118.0,17
102,ASUS,Intel,Core i3,11,8,DDR4,512,0,Windows,64-bit,0,ThinNlight,1,No,Yes,41990.0,3,0.0,0
103,Lenovo,Intel,Core i3,11,8,DDR4,512,0,Windows,64-bit,0,ThinNlight,1,Yes,No,54990.0,4,245.0,34
104,ASUS,Intel,Core i3,11,8,DDR4,512,0,Windows,64-bit,0,Casual,1,No,Yes,44990.0,4,348.75,45
105,HP,Intel,Core i3,11,8,DDR4,512,0,Windows,64-bit,0,Casual,1,No,No,41250.0,4,117.0,11
106,HP,Intel,Core i3,11,8,DDR4,512,0,Windows,64-bit,0,ThinNlight,0,No,No,44990.0,3,0.0,0
107,ASUS,Intel,Core i3,11,8,DDR4,512,0,Windows,64-bit,0,Casual,1,No,No,42990.0,4,74.0,11
108,DELL,Intel,Core i3,11,8,DDR4,512,0,Windows,64-bit,0,Casual,1,Yes,No,60790.0,4,10.0,1
109,HP,Intel,Core i3,11,8,DDR4,512,0,Windows,64-bit,0,Casual,0,No,No,45650.0,4,39.0,4
110,DELL,Intel,Core i3,10,8,DDR4,512,0,Windows,64-bit,0,ThinNlight,1,No,Yes,41990.0,3,29.0,7
111,DELL,Intel,Core i3,10,8,DDR4,512,0,Windows,64-bit,0,ThinNlight,1,No,No,45490.0,4,43.0,4
112,ASUS,Intel,Core i3,11,8,DDR4,512,0,Windows,64-bit,0,ThinNlight,1,No,Yes,44990.0,3,0.0,0
113,Lenovo,Intel,Core i3,11,8,DDR4,512,0,Windows,64-bit,0,ThinNlight,2,No,Yes,42990.0,4,348.75,45
114,HP,Intel,Core i3,11,4,DDR4,512,0,Windows,64-bit,0,ThinNlight,1,No,Yes,45490.0,4,348.75,45
115,HP,Intel,Core i3,10,4,DDR4,512,0,Windows,32-bit,0,Casual,0,No,No,38799.0,4,30.0,1
116,HP,Intel,Core i3,11,4,DDR4,512,0,Windows,64-bit,0,Casual,1,Yes,Yes,69267.0,3,0.0,0
117,ASUS,Intel,Core i3,11,4,DDR4,512,0,Windows,64-bit,0,Casual,1,No,Yes,51649.0,3,0.0,0
118,HP,Intel,Core i3,11,4,DDR4,512,0,Windows,64-bit,0,ThinNlight,1,No,Yes,47990.0,4,348.75,45
119,ASUS,Intel,Core i3,10,4,DDR4,512,0,Windows,64-bit,0,Casual,1,No,No,40990.0,4,348.75,45
120,ASUS,Intel,Core i3,10,4,DDR4,512,0,Windows,64-bit,0,ThinNlight,1,No,Yes,42990.0,4,348.75,45
121,ASUS,Intel,Core i3,11,4,DDR4,512,0,Windows,64-bit,0,Casual,1,No,No,44890.0,3,7.0,0
122,ASUS,Intel,Core i3,10,4,DDR4,512,0,Windows,64-bit,0,Casual,1,No,No,41490.0,4,348.75,45
123,HP,Intel,Core i3,11,4,DDR4,512,0,Windows,32-bit,0,ThinNlight,1,No,No,50990.0,3,0.0,0
124,HP,Intel,Core i3,11,4,DDR4,512,0,Windows,64-bit,0,ThinNlight,1,No,Yes,48900.0,4,348.75,45
125,ASUS,Intel,Core i3,10,4,DDR4,512,0,Windows,64-bit,0,Casual,1,No,No,40990.0,4,348.75,45
126,DELL,Intel,Core i3,10,4,DDR4,512,0,Windows,64-bit,0,Casual,0,No,No,41790.0,3,0.0,0
127,Lenovo,Intel,Core i3,11,4,DDR4,512,0,Windows,64-bit,0,Casual,1,Yes,Yes,57999.0,3,10.0,2
128,DELL,Intel,Core i3,11,8,DDR4,512,0,Windows,64-bit,0,ThinNlight,0,No,No,45930.0,3,0.0,0
129,HP,Intel,Core i3,11,8,DDR4,512,0,Windows,64-bit,0,Casual,1,Yes,Yes,55490.0,4,143.0,15
130,ASUS,Intel,Core i3,10,8,DDR4,0,1024,Windows,64-bit,0,Casual,1,No,No,32890.0,3,28.0,4
131,Lenovo,Intel,Core i3,10,8,DDR4,0,1024,Windows,64-bit,0,ThinNlight,1,No,Yes,35990.0,4,348.75,45
132,DELL,Intel,Core i3,11,8,DDR4,0,1024,Windows,64-bit,0,ThinNlight,0,No,No,42490.0,4,276.0,40
133,DELL,Intel,Core i3,11,8,DDR4,0,1024,Windows,64-bit,0,ThinNlight,0,No,No,42190.0,3,250.0,21
134,DELL,Intel,Core i3,10,8,DDR4,0,1024,Windows,64-bit,0,ThinNlight,1,No,Yes,39490.0,4,348.75,45
135,HP,Intel,Core i3,11,8,DDR4,0,1024,Windows,64-bit,0,ThinNlight,1,No,Yes,43690.0,4,348.75,45
136,ASUS,Intel,Core i3,10,4,DDR4,0,1024,Windows,64-bit,0,Casual,1,No,No,35990.0,3,17.0,0
137,DELL,Intel,Core i3,11,8,DDR4,0,1024,Windows,32-bit,0,Casual,0,No,No,43800.0,4,17.0,0
138,Lenovo,Intel,Core i3,10,8,DDR4,0,1024,Windows,32-bit,0,Casual,0,No,No,38990.0,3,0.0,0
139,ASUS,Intel,Core i3,10,4,DDR4,0,1024,Windows,64-bit,0,ThinNlight,1,No,No,34990.0,3,348.75,45
140,ASUS,Intel,Core i3,11,8,DDR4,0,1024,Windows,64-bit,0,Casual,1,No,No,38900.0,3,13.0,0
141,DELL,Intel,Core i3,10,4,DDR4,0,1024,Windows,64-bit,0,ThinNlight,1,No,No,39990.0,3,15.0,1
142,DELL,Intel,Core i3,10,4,DDR4,0,1024,Windows,32-bit,0,Casual,0,No,No,40890.0,4,348.75,45
143,Lenovo,Intel,Core i3,10,4,DDR4,0,1024,Windows,64-bit,0,ThinNlight,1,No,No,36990.0,3,103.0,10
144,HP,Intel,Core i3,11,4,DDR4,0,1024,Windows,64-bit,0,ThinNlight,1,No,Yes,39990.0,3,324.0,45
145,HP,Intel,Core i3,11,4,DDR4,0,1024,Windows,64-bit,0,ThinNlight,1,No,Yes,41990.0,4,69.0,5
146,DELL,Intel,Core i3,11,4,DDR4,0,1024,Windows,32-bit,0,Casual,0,No,No,43970.0,3,16.0,0
147,HP,Intel,Core i3,11,4,DDR4,0,1024,Windows,64-bit,0,ThinNlight,1,No,No,39790.0,3,40.0,3
148,ASUS,Intel,Core i3,10,4,DDR4,0,1024,Windows,32-bit,0,ThinNlight,0,No,No,35590.0,3,12.0,1
149,HP,Intel,Core i3,10,4,DDR4,0,1024,Windows,64-bit,0,ThinNlight,1,No,Yes,36490.0,3,348.75,45
150,ASUS,Intel,Core i3,10,4,DDR4,0,1024,Windows,64-bit,0,ThinNlight,1,No,Yes,38990.0,4,348.75,45
151,ASUS,Intel,Core i3,10,4,DDR4,0,1024,Windows,32-bit,0,ThinNlight,0,No,No,33990.0,3,43.0,7
152,DELL,Intel,Core i3,10,4,DDR4,0,1024,Windows,64-bit,0,Casual,1,No,Yes,43400.0,4,231.0,26
153,ASUS,Intel,Celeron Dual,0,4,LPDDR4,0,512,Windows,32-bit,0,Casual,0,No,No,24990.0,4,348.75,45
154,HP,Intel,Core i3,10,4,DDR4,0,1024,Windows,64-bit,0,ThinNlight,1,No,Yes,40750.0,4,348.75,45
155,DELL,Intel,Core i3,10,4,DDR4,0,1024,Windows,64-bit,0,ThinNlight,1,No,Yes,43000.0,4,313.0,35
156,ASUS,Intel,Core i3,10,4,DDR4,0,1024,Windows,64-bit,0,Casual,0,No,No,38000.0,4,7.0,0
157,DELL,Intel,Core i3,11,8,DDR4,0,1024,Windows,64-bit,0,ThinNlight,1,No,Yes,37990.0,3,265.0,45
158,HP,Intel,Core i3,7,8,DDR4,0,1024,Windows,64-bit,2,Casual,0,No,No,49279.0,4,38.0,3
159,Lenovo,Intel,Core i3,10,8,DDR4,0,1024,Windows,32-bit,0,Casual,0,No,No,38999.0,3,7.0,2
160,ASUS,Intel,Core i3,11,8,DDR4,0,1024,Windows,32-bit,0,Casual,0,No,No,41500.0,3,4.0,0
161,acer,Intel,Core i3,11,4,DDR4,0,1024,Windows,32-bit,0,Casual,0,No,No,36999.0,3,0.0,0
162,DELL,Intel,Core i3,11,8,DDR4,0,1024,Windows,32-bit,0,Casual,0,No,No,42900.0,3,0.0,0
163,ASUS,Intel,Celeron Dual,0,4,LPDDR4,0,512,Windows,32-bit,0,Casual,0,No,No,21490.0,3,348.75,45
164,DELL,Intel,Core i3,11,8,DDR4,0,1024,Windows,32-bit,0,Casual,0,No,No,41480.0,3,25.0,4
165,ASUS,Intel,Core i3,10,8,DDR4,0,1024,Windows,64-bit,0,Casual,0,No,No,32990.0,2,12.0,0
166,ASUS,Intel,Core i3,11,8,DDR4,0,1024,Windows,64-bit,0,Casual,1,No,No,38680.0,3,17.0,1
167,ASUS,Intel,Celeron Dual,0,4,LPDDR4,0,512,Windows,32-bit,0,Casual,0,No,No,23990.0,4,348.75,45
168,DELL,Intel,Core i3,10,8,DDR4,0,1024,Windows,64-bit,0,ThinNlight,0,No,No,40390.0,3,83.0,15
169,ASUS,Intel,Core i3,10,4,DDR4,0,1024,Windows,64-bit,0,ThinNlight,0,No,No,33990.0,3,31.0,6
170,ASUS,Intel,Celeron Dual,0,4,LPDDR4,0,512,Windows,32-bit,0,Casual,0,No,No,20490.0,3,348.75,45
171,DELL,Intel,Core i3,10,8,DDR4,256,1024,Windows,64-bit,0,ThinNlight,1,No,Yes,41490.0,5,7.0,5
172,DELL,Intel,Core i3,11,8,DDR4,256,1024,Windows,64-bit,0,Casual,0,No,No,45490.0,4,207.0,16
173,DELL,Intel,Core i3,11,8,DDR4,256,1024,Windows,64-bit,0,Casual,0,No,No,44490.0,4,348.75,45
174,ASUS,Intel,Core i3,11,8,DDR4,256,1024,Windows,64-bit,0,Casual,1,No,Yes,41890.0,4,53.0,6
175,DELL,Intel,Core i3,11,4,DDR4,256,1024,Windows,64-bit,0,ThinNlight,1,No,Yes,42990.0,4,62.0,7
176,acer,Intel,Core i3,11,8,DDR4,256,1024,Windows,64-bit,0,Casual,0,No,No,40990.0,4,38.0,2
177,DELL,Intel,Core i3,11,8,DDR4,256,1024,Windows,64-bit,0,ThinNlight,1,No,No,48990.0,4,348.75,45
178,DELL,Intel,Core i3,11,4,DDR4,256,1024,Windows,64-bit,0,ThinNlight,1,No,Yes,43590.0,3,0.0,0
179,DELL,Intel,Core i3,10,4,DDR4,256,1024,Windows,64-bit,0,Casual,1,No,No,44690.0,4,9.0,0
180,ASUS,Intel,Core i3,10,4,DDR4,256,1024,Windows,64-bit,0,Casual,0,No,No,40990.0,3,0.0,0
181,DELL,Intel,Core i3,11,4,DDR4,256,1024,Windows,64-bit,0,ThinNlight,1,No,Yes,43990.0,3,0.0,0
182,DELL,Intel,Core i3,11,4,DDR4,256,1024,Windows,64-bit,0,ThinNlight,1,No,Yes,43590.0,3,0.0,0
183,DELL,Intel,Core i3,10,4,DDR4,256,1024,Windows,64-bit,0,ThinNlight,1,No,Yes,41390.0,4,56.0,7
184,DELL,Intel,Core i3,10,4,DDR4,256,1024,Windows,64-bit,0,ThinNlight,1,No,Yes,44290.0,3,0.0,0
185,DELL,Intel,Core i3,11,4,DDR4,256,1024,Windows,64-bit,0,Casual,1,No,No,48999.0,3,0.0,0
186,DELL,Intel,Core i3,11,4,DDR4,256,1024,Windows,64-bit,0,ThinNlight,1,No,Yes,39990.0,3,170.0,11
187,DELL,Intel,Core i3,10,8,DDR4,256,1024,Windows,64-bit,0,ThinNlight,0,No,No,46390.0,2,95.0,5
188,ASUS,Intel,Celeron Dual,0,4,LPDDR4,0,512,Windows,64-bit,0,Casual,0,No,No,18990.0,3,197.0,25
189,ASUS,Intel,Celeron Dual,0,4,LPDDR4,0,512,Windows,32-bit,0,Casual,0,No,No,17990.0,3,348.75,45
190,HP,Intel,Celeron Dual,0,4,DDR4,0,512,Windows,64-bit,0,Casual,0,No,No,26470.0,3,232.0,23
191,HP,Intel,Celeron Dual,0,4,DDR4,0,512,Windows,64-bit,0,Casual,0,No,No,27990.0,3,348.75,45
192,Lenovo,Intel,Celeron Dual,0,4,DDR4,0,1024,Windows,32-bit,0,Casual,0,No,No,29999.0,3,19.0,1
193,Lenovo,Intel,Celeron Dual,0,4,LPDDR4X,0,512,Windows,64-bit,0,Casual,0,No,No,25990.0,3,84.0,16
194,Lenovo,Intel,Celeron Dual,0,4,LPDDR4,0,512,Windows,32-bit,0,Casual,0,No,No,16990.0,3,348.75,45
195,Lenovo,Intel,Celeron Dual,0,4,LPDDR4,0,512,Windows,32-bit,0,Casual,0,No,No,24990.0,2,70.0,16
196,acer,Intel,Core i5,0,8,DDR5,0,512,Windows,32-bit,4,Casual,0,No,No,50990.0,4,348.75,45
197,acer,Intel,Core i5,0,8,LPDDR4,0,512,Windows,32-bit,0,Casual,1,No,No,119990.0,4,1.0,1
198,acer,Intel,Core i5,10,8,LPDDR4,0,512,DOS,32-bit,0,Casual,0,No,No,94190.0,4,31.0,6
199,ASUS,Intel,Core i5,10,8,LPDDR4,0,512,DOS,32-bit,4,Casual,0,No,No,106167.0,4,348.75,45
200,DELL,Intel,Core i5,10,8,LPDDR4,0,512,DOS,32-bit,4,Casual,1,No,No,68090.0,1,23.0,4
201,DELL,Intel,Core i5,10,8,LPDDR4,0,512,DOS,32-bit,0,ThinNlight,1,No,No,139990.0,3,0.0,0
202,HP,Intel,Core i5,10,8,LPDDR4,0,512,DOS,32-bit,0,ThinNlight,0,No,No,55990.0,4,348.75,45
203,HP,Intel,Core i5,10,8,LPDDR4,0,512,DOS,32-bit,4,Casual,0,No,No,102551.0,3,0.0,0
204,Lenovo,Intel,Core i5,10,8,LPDDR4,0,512,DOS,32-bit,2,Casual,0,No,No,46990.0,4,348.75,45
205,HP,Intel,Core i5,8,8,DDR4,128,0,Windows,64-bit,0,ThinNlight,1,No,No,76012.0,4,129.0,16
206,Lenovo,Intel,Core i5,11,8,DDR4,256,0,Windows,64-bit,0,Casual,2,No,Yes,49490.0,4,348.75,35
207,acer,Intel,Core i5,7,8,DDR3,256,0,Windows,64-bit,0,ThinNlight,1,No,Yes,86867.0,4,39.0,3
208,ASUS,Intel,Core i5,11,8,DDR4,256,0,Windows,64-bit,0,ThinNlight,1,No,No,48990.0,3,0.0,0
209,DELL,Intel,Core i5,11,8,DDR4,256,0,Windows,64-bit,0,ThinNlight,0,No,No,55990.0,3,3.0,0
210,acer,Intel,Core i5,8,8,DDR3,256,0,Windows,64-bit,0,ThinNlight,1,Yes,Yes,81998.0,4,14.0,3
211,HP,Intel,Core i5,8,8,DDR4,256,0,Windows,64-bit,0,Casual,1,Yes,Yes,136590.0,3,0.0,0
212,acer,Intel,Core i5,8,8,DDR4,256,0,Windows,64-bit,0,ThinNlight,1,No,No,59490.0,3,33.0,7
213,ASUS,Intel,Core i5,11,8,DDR4,256,0,Windows,64-bit,0,ThinNlight,1,No,No,49800.0,3,0.0,0
214,Lenovo,Intel,Core i5,11,8,DDR4,256,0,Windows,64-bit,0,Casual,1,No,Yes,61999.0,2,4.0,0
215,HP,Intel,Core i5,11,8,DDR4,512,0,Windows,64-bit,0,ThinNlight,0,No,No,54990.0,4,116.0,15
216,HP,Intel,Core i5,11,8,DDR4,512,0,Windows,64-bit,0,ThinNlight,1,No,No,53990.0,4,206.0,17
217,Lenovo,Intel,Core i5,11,8,DDR4,512,0,Windows,64-bit,0,Casual,2,No,Yes,52990.0,4,300.0,24
218,HP,Intel,Core i5,11,16,DDR4,512,0,Windows,64-bit,0,ThinNlight,1,No,Yes,67990.0,4,108.0,6
219,ASUS,Intel,Core i5,10,8,DDR4,512,0,Windows,64-bit,4,Gaming,1,No,No,57990.0,4,348.75,45
220,Lenovo,Intel,Core i5,11,16,DDR4,512,0,Windows,64-bit,0,ThinNlight,1,No,Yes,62300.0,4,348.75,45
221,Lenovo,Intel,Core i5,11,8,DDR4,512,0,Windows,64-bit,0,ThinNlight,1,No,No,52990.0,3,0.0,0
222,Lenovo,Intel,Core i5,11,8,DDR4,512,0,Windows,64-bit,0,ThinNlight,2,No,Yes,51990.0,4,85.0,4
223,Lenovo,Intel,Core i5,11,16,DDR4,512,0,Windows,64-bit,0,ThinNlight,0,No,No,61990.0,4,56.0,7
224,ASUS,Intel,Core i5,11,8,LPDDR4X,512,0,Windows,32-bit,0,Casual,1,Yes,Yes,63990.0,4,10.0,1
225,Lenovo,Intel,Core i5,11,8,DDR4,512,0,Windows,64-bit,0,Casual,1,No,Yes,65990.0,4,17.0,4
226,acer,Intel,Core i5,11,8,DDR4,512,0,Windows,64-bit,0,ThinNlight,1,No,No,52990.0,4,155.0,20
227,Lenovo,Intel,Core i5,10,8,DDR4,512,0,Windows,64-bit,0,ThinNlight,1,No,No,49990.0,3,0.0,0
228,ASUS,Intel,Core i5,11,8,DDR4,512,0,Windows,64-bit,4,Gaming,0,No,No,71990.0,4,91.0,17
229,ASUS,Intel,Core i5,10,8,DDR4,512,0,Windows,64-bit,0,Casual,1,No,No,47990.0,4,35.0,2
230,Lenovo,Intel,Core i5,10,8,DDR4,512,0,Windows,32-bit,0,ThinNlight,2,No,Yes,48490.0,4,126.0,13
231,ASUS,Intel,Core i5,11,8,DDR4,512,0,Windows,64-bit,4,Gaming,0,No,No,72990.0,4,74.0,10
232,MSI,Intel,Core i5,11,16,DDR4,512,0,Windows,64-bit,4,Casual,2,No,No,76990.0,4,75.0,17
233,ASUS,Intel,Core i5,11,16,DDR4,512,0,Windows,64-bit,6,Gaming,1,No,Yes,89990.0,4,124.0,17
234,MSI,Intel,Core i5,10,8,DDR4,512,0,Windows,64-bit,4,Casual,2,No,No,59990.0,4,348.75,45
235,ASUS,Intel,Core i5,10,8,DDR4,512,0,Windows,64-bit,4,Gaming,1,No,Yes,65990.0,4,348.75,45
236,DELL,Intel,Core i5,11,8,DDR4,512,0,Windows,64-bit,0,Casual,0,Yes,No,71990.0,4,7.0,1
237,DELL,Intel,Core i5,11,8,DDR4,512,0,Windows,64-bit,0,Casual,0,Yes,No,71890.0,4,3.0,0
238,Lenovo,Intel,Core i5,11,16,DDR4,512,0,Windows,64-bit,0,ThinNlight,0,No,No,64990.0,3,0.0,0
239,ASUS,Intel,Core i5,11,16,DDR4,512,0,Windows,64-bit,0,Casual,1,No,No,65990.0,3,0.0,0
240,HP,Intel,Core i5,11,8,DDR4,512,0,Windows,64-bit,0,ThinNlight,0,No,No,55999.0,4,5.0,1
241,ASUS,Intel,Core i5,11,16,DDR4,512,0,Windows,64-bit,4,Casual,1,No,No,73490.0,4,213.0,45
242,HP,Intel,Core i5,11,16,DDR4,512,0,Windows,64-bit,0,ThinNlight,1,No,Yes,74490.0,4,10.0,0
243,HP,Intel,Core i5,11,8,DDR4,512,0,Windows,64-bit,0,ThinNlight,1,No,Yes,58340.0,4,69.0,6
244,acer,Intel,Core i5,11,8,DDR4,512,0,Windows,64-bit,0,ThinNlight,1,No,No,55999.0,4,6.0,0
245,DELL,Intel,Core i5,11,16,DDR4,512,0,Windows,64-bit,0,ThinNlight,0,No,No,67990.0,4,93.0,9
246,ASUS,Intel,Core i5,11,16,DDR4,512,0,Windows,64-bit,0,Casual,1,No,No,59990.0,4,11.0,2
247,ASUS,Intel,Core i5,11,16,DDR4,512,0,Windows,64-bit,6,Casual,1,No,Yes,82990.0,4,262.0,31
248,DELL,Intel,Core i5,11,8,DDR4,512,0,Windows,64-bit,2,Casual,1,No,Yes,64190.0,3,0.0,0
249,DELL,Intel,Core i5,11,16,DDR4,512,0,Windows,64-bit,0,ThinNlight,0,No,No,70090.0,4,5.0,1
250,ASUS,Intel,Core i5,10,8,DDR4,512,0,Windows,64-bit,2,ThinNlight,1,No,No,49990.0,4,45.0,3
251,MSI,Intel,Core i5,11,8,DDR4,512,0,Windows,64-bit,0,ThinNlight,0,No,No,55490.0,3,8.0,1
252,HP,Intel,Core i5,11,8,LPDDR4X,512,0,Windows,64-bit,0,Casual,0,Yes,No,97990.0,5,3.0,1
253,ASUS,Intel,Core i5,9,8,DDR4,512,0,Windows,64-bit,4,Gaming,1,No,Yes,54990.0,4,348.75,45
254,Lenovo,Intel,Core i5,11,8,DDR4,512,0,Windows,64-bit,0,ThinNlight,1,No,Yes,59990.0,4,37.0,2
255,Lenovo,Intel,Core i5,11,8,DDR4,512,0,Windows,64-bit,0,ThinNlight,1,No,Yes,53990.0,4,61.0,2
256,HP,Intel,Core i5,11,16,DDR4,512,0,Windows,64-bit,0,ThinNlight,1,No,Yes,66999.0,4,17.0,1
257,acer,Intel,Core i5,11,8,LPDDR4X,512,0,Windows,64-bit,0,ThinNlight,1,No,Yes,60990.0,4,17.0,1
258,ASUS,Intel,Core i5,10,8,DDR4,512,0,Windows,64-bit,0,ThinNlight,1,No,Yes,47990.0,4,348.75,45
259,HP,Intel,Core i5,11,8,DDR4,512,0,Windows,32-bit,0,ThinNlight,1,No,Yes,59999.0,4,4.0,1
260,DELL,Intel,Core i5,10,16,DDR4,512,0,Windows,64-bit,4,Casual,1,No,No,79990.0,3,0.0,0
261,ASUS,Intel,Core i5,10,8,DDR4,512,0,Windows,64-bit,4,Gaming,1,No,No,63990.0,3,0.0,0
262,HP,Intel,Core i5,11,8,DDR4,512,0,Windows,64-bit,0,ThinNlight,1,No,Yes,63990.0,4,17.0,1
263,ASUS,Intel,Core i5,11,16,DDR4,512,0,Windows,64-bit,0,Casual,1,No,No,59990.0,3,0.0,0
264,Lenovo,Intel,Core i5,11,8,DDR4,512,0,Windows,64-bit,0,ThinNlight,1,No,No,55990.0,3,0.0,0
265,ASUS,Intel,Core i5,11,16,DDR4,512,0,Windows,64-bit,0,Casual,1,No,No,59990.0,3,0.0,0
266,HP,Intel,Core i5,11,8,DDR4,512,0,Windows,64-bit,0,ThinNlight,1,No,Yes,63990.0,4,3.0,0
267,DELL,Intel,Core i5,11,16,DDR4,512,0,Windows,64-bit,2,Casual,1,No,Yes,69490.0,3,0.0,0
268,DELL,Intel,Core i5,11,16,DDR4,512,0,Windows,64-bit,0,Casual,1,Yes,Yes,89390.0,3,0.0,0
269,ASUS,Intel,Core i5,11,8,LPDDR4X,512,0,Windows,64-bit,0,ThinNlight,0,No,No,74990.0,3,0.0,0
270,Lenovo,Intel,Core i5,11,8,DDR4,512,0,Windows,64-bit,0,Casual,3,Yes,Yes,64990.0,4,48.0,12
271,Lenovo,Intel,Core i5,10,8,DDR4,512,0,Windows,64-bit,4,Casual,1,No,Yes,66490.0,4,282.0,36
272,DELL,Intel,Core i5,11,16,DDR4,512,0,Windows,64-bit,2,Casual,1,No,Yes,89702.0,3,0.0,0
273,Lenovo,Intel,Core i5,11,16,DDR4,512,0,Windows,64-bit,2,Casual,1,No,Yes,70990.0,4,67.0,4
274,ASUS,Intel,Core i5,11,16,DDR4,512,0,Windows,64-bit,0,Casual,1,Yes,Yes,58990.0,3,0.0,0
275,Lenovo,Intel,Core i5,10,8,DDR4,512,0,Windows,64-bit,2,Casual,1,No,Yes,57500.0,3,0.0,0
276,DELL,Intel,Core i5,11,8,DDR4,512,0,Windows,64-bit,2,Casual,1,Yes,Yes,79990.0,4,23.0,2
277,MSI,Intel,Core i5,10,8,DDR4,512,0,Windows,64-bit,0,Casual,0,No,No,56541.0,4,348.75,45
278,ASUS,Intel,Core i5,11,16,DDR4,512,0,Windows,64-bit,0,ThinNlight,0,No,No,59990.0,3,3.0,0
279,Lenovo,Intel,Core i5,11,16,DDR4,512,0,Windows,64-bit,0,Casual,1,No,Yes,64990.0,4,46.0,4
280,DELL,Intel,Core i5,11,8,DDR4,512,0,Windows,64-bit,0,ThinNlight,1,No,No,61290.0,3,4.0,1
281,Lenovo,Intel,Core i5,11,8,DDR4,512,0,Windows,64-bit,0,ThinNlight,1,No,Yes,54990.0,4,9.0,1
282,Lenovo,Intel,Core i5,11,8,DDR4,512,0,Windows,64-bit,0,Casual,1,No,Yes,59990.0,4,26.0,4
283,ASUS,Intel,Core i5,11,8,DDR4,512,0,Windows,32-bit,6,Casual,1,No,No,84990.0,5,5.0,0
284,HP,Intel,Core i5,11,8,DDR4,512,0,Windows,64-bit,0,ThinNlight,1,No,Yes,72500.0,4,40.0,3
285,Lenovo,Intel,Core i5,11,8,DDR4,512,0,Windows,64-bit,4,Gaming,0,No,No,59990.0,3,44.0,6
286,Lenovo,Intel,Core i5,11,8,DDR4,512,0,Windows,64-bit,0,Casual,1,Yes,Yes,87990.0,4,28.0,6
287,HP,Intel,Core i5,11,8,DDR4,512,0,Windows,64-bit,0,ThinNlight,0,No,No,57990.0,4,348.75,45
288,DELL,Intel,Core i5,11,8,DDR4,512,0,Windows,64-bit,0,ThinNlight,1,No,Yes,69490.0,4,72.0,7
289,Lenovo,Intel,Core i5,11,8,DDR4,512,0,Windows,64-bit,0,Casual,3,Yes,Yes,68990.0,4,44.0,8
290,Lenovo,Intel,Core i5,11,8,DDR4,512,0,Windows,32-bit,0,Casual,1,No,Yes,77990.0,4,17.0,2
291,ASUS,Intel,Core i5,11,8,LPDDR4X,512,0,Windows,64-bit,0,Casual,1,Yes,No,105990.0,4,59.0,11
292,MSI,Intel,Core i5,11,8,LPDDR4X,512,0,Windows,64-bit,0,Casual,1,No,No,79990.0,3,0.0,0
293,DELL,Intel,Core i5,11,8,DDR4,512,0,Windows,64-bit,0,ThinNlight,1,No,Yes,55490.0,4,337.0,27
294,Lenovo,Intel,Core i5,11,8,DDR4,512,0,Windows,64-bit,0,ThinNlight,1,No,Yes,69990.0,4,10.0,2
295,ASUS,Intel,Core i5,11,8,DDR4,512,0,Windows,64-bit,0,Casual,1,Yes,Yes,84990.0,4,10.0,2
296,DELL,Intel,Core i5,11,8,DDR4,512,0,Windows,64-bit,0,ThinNlight,0,No,No,59990.0,3,31.0,7
297,DELL,Intel,Core i5,10,8,LPDDR4X,512,0,Windows,64-bit,0,ThinNlight,1,No,Yes,111890.0,3,0.0,0
298,DELL,Intel,Core i5,11,8,DDR4,512,0,Windows,64-bit,2,Casual,1,No,No,65990.0,4,10.0,0
299,ASUS,Intel,Core i5,11,8,LPDDR4X,512,0,Windows,32-bit,0,Casual,1,No,Yes,72990.0,4,76.0,14
300,DELL,Intel,Core i5,11,8,DDR4,512,0,Windows,64-bit,0,ThinNlight,1,No,Yes,71090.0,4,44.0,6
301,MSI,Intel,Core i5,11,8,DDR4,512,0,Windows,64-bit,4,Casual,2,No,No,74990.0,3,0.0,0
302,ASUS,Intel,Core i5,10,8,LPDDR3,512,0,Windows,64-bit,0,Casual,1,No,Yes,79990.0,4,11.0,3
303,MSI,Intel,Core i5,11,8,DDR4,512,0,Windows,64-bit,0,Casual,1,No,No,55490.0,4,138.0,16
304,DELL,Intel,Core i5,11,8,DDR4,512,0,Windows,64-bit,2,ThinNlight,1,No,Yes,66490.0,4,199.0,17
305,ASUS,Intel,Core i5,11,8,DDR4,512,0,Windows,64-bit,0,Casual,1,No,Yes,53400.0,4,46.0,6
306,DELL,Intel,Core i5,11,8,DDR4,512,0,Windows,64-bit,0,Casual,1,Yes,Yes,74500.0,4,45.0,5
307,DELL,Intel,Core i5,11,8,LPDDR4X,512,0,Windows,64-bit,0,ThinNlight,1,No,Yes,114990.0,3,0.0,0
308,DELL,Intel,Core i5,11,8,DDR4,512,0,Windows,64-bit,2,ThinNlight,0,No,No,61990.0,4,35.0,4
309,APPLE,Intel,Core i5,10,8,LPDDR4X,512,0,Mac,64-bit,0,Casual,1,No,No,154947.5,4,32.0,5
310,APPLE,Intel,Core i5,8,8,DDR3,512,0,Mac,64-bit,0,Casual,1,No,No,154947.5,4,108.0,13
311,MSI,Intel,Core i5,11,8,DDR4,512,0,Windows,64-bit,4,Casual,0,No,No,74990.0,3,0.0,0
312,MSI,Intel,Core i5,10,8,DDR4,512,0,Windows,64-bit,0,Casual,1,No,No,56490.0,4,348.75,45
313,Lenovo,Intel,Core i5,10,8,DDR4,512,0,Windows,64-bit,0,ThinNlight,3,No,No,147000.0,3,0.0,0
314,Lenovo,Intel,Core i5,11,8,DDR4,512,0,Windows,64-bit,0,ThinNlight,1,No,Yes,55990.0,4,75.0,9
315,HP,Intel,Core i5,11,8,DDR4,512,0,Windows,64-bit,4,Gaming,1,No,Yes,77990.0,3,0.0,0
316,HP,Intel,Core i5,10,8,DDR4,512,0,Windows,64-bit,4,Casual,1,No,Yes,106490.0,4,3.0,0
317,Lenovo,Intel,Core i5,11,8,DDR4,512,0,Windows,32-bit,2,Casual,1,No,Yes,70990.0,4,11.0,3
318,Lenovo,Intel,Core i5,11,8,DDR4,512,0,Windows,64-bit,0,Casual,1,No,Yes,64990.0,4,125.0,11
319,acer,Intel,Core i5,11,8,DDR4,512,0,Windows,64-bit,0,Casual,1,No,No,57990.0,3,0.0,0
320,ASUS,Intel,Core i5,10,8,DDR4,512,0,Windows,64-bit,4,Gaming,1,No,No,64990.0,4,4.0,0
321,MSI,Intel,Core i5,10,8,DDR4,512,0,Windows,64-bit,0,Casual,1,No,No,54990.0,4,348.75,45
322,HP,Intel,Core i5,11,8,LPDDR4X,512,0,Windows,64-bit,0,Casual,0,Yes,No,111999.0,3,0.0,0
323,Lenovo,Intel,Core i5,10,8,LPDDR4X,512,0,Windows,64-bit,2,Casual,1,No,Yes,70798.0,4,21.0,3
324,Lenovo,Intel,Core i5,9,8,DDR4,512,0,Windows,64-bit,4,Casual,0,No,No,59990.0,3,9.0,1
325,acer,Intel,Core i5,8,8,DDR4,512,0,Windows,64-bit,4,Casual,1,No,No,99500.0,3,0.0,0
326,HP,Intel,Core i5,10,8,DDR4,512,0,Windows,64-bit,0,ThinNlight,1,No,Yes,55990.0,4,30.0,4
327,ASUS,Intel,Core i5,8,8,LPDDR3,512,0,Windows,64-bit,0,ThinNlight,1,No,No,72990.0,4,44.0,4
328,acer,Intel,Core i5,8,8,DDR3,512,0,Windows,64-bit,0,ThinNlight,1,No,No,64990.0,3,4.0,1
329,ASUS,Intel,Core i5,11,8,DDR4,512,0,Windows,64-bit,0,ThinNlight,0,No,No,57990.0,3,0.0,0
330,HP,Intel,Core i5,11,8,DDR4,512,0,Windows,64-bit,2,Casual,1,Yes,Yes,76990.0,4,14.0,2
331,Lenovo,Intel,Core i5,11,8,DDR4,512,0,Windows,64-bit,0,Casual,2,No,Yes,62998.0,4,348.75,45
332,DELL,Intel,Core i5,11,8,DDR4,512,0,Windows,64-bit,0,Casual,1,Yes,Yes,77990.0,4,31.0,5
333,HP,Intel,Core i5,10,8,DDR4,512,0,Windows,64-bit,0,Casual,1,Yes,Yes,114990.0,4,145.0,19
334,DELL,Intel,Core i5,10,8,DDR4,512,0,Windows,64-bit,2,Casual,1,No,Yes,65990.0,3,0.0,0
335,DELL,Intel,Core i5,11,8,DDR4,512,0,Windows,64-bit,2,Casual,1,No,Yes,88990.0,3,19.0,2
336,Lenovo,Intel,Core i5,10,8,DDR4,512,0,Windows,64-bit,0,Casual,0,No,No,113590.0,3,0.0,0
337,ASUS,Intel,Core i5,11,8,LPDDR4X,512,0,Windows,64-bit,0,Casual,1,Yes,Yes,73990.0,4,32.0,6
338,HP,Intel,Core i5,11,8,DDR4,512,0,Windows,64-bit,0,ThinNlight,1,No,Yes,61000.0,4,348.75,45
339,ASUS,Intel,Core i5,11,8,LPDDR4X,512,0,Windows,64-bit,0,Casual,1,Yes,No,99990.0,4,35.0,6
340,Lenovo,Intel,Core i5,11,8,DDR4,512,0,Windows,64-bit,0,ThinNlight,1,No,Yes,67990.0,4,9.0,0
341,DELL,Intel,Core i5,11,8,DDR4,512,0,Windows,64-bit,0,Casual,1,Yes,Yes,70799.0,4,98.0,6
342,Lenovo,Intel,Core i5,11,8,DDR4,512,0,Windows,64-bit,0,ThinNlight,1,No,Yes,65990.0,4,31.0,2
343,ASUS,Intel,Core i5,8,8,DDR4,512,0,Windows,64-bit,0,ThinNlight,1,No,No,53690.0,4,19.0,3
344,MSI,Intel,Core i5,11,8,DDR4,512,0,Windows,64-bit,0,ThinNlight,1,No,No,55990.0,3,0.0,0
345,ASUS,Intel,Core i5,11,8,DDR4,512,0,Windows,64-bit,0,Casual,1,No,Yes,53190.0,4,11.0,0
346,Lenovo,Intel,Core i5,10,8,DDR4,512,0,Windows,32-bit,2,Casual,2,No,Yes,58999.0,4,45.0,3
347,DELL,Intel,Core i5,11,8,DDR4,512,0,Windows,64-bit,2,ThinNlight,3,No,No,71990.0,3,0.0,0
348,HP,Intel,Core i5,11,8,DDR4,512,0,Windows,32-bit,4,Casual,0,No,No,82000.0,3,0.0,0
349,ASUS,Intel,Core i5,11,8,LPDDR4X,512,0,Windows,64-bit,0,ThinNlight,0,No,No,84990.0,3,0.0,0
350,Lenovo,Intel,Core i5,11,8,DDR4,512,0,Windows,64-bit,2,Casual,0,No,No,89998.0,3,0.0,0
351,ASUS,Intel,Core i5,11,8,LPDDR4X,512,0,Windows,64-bit,0,Casual,1,Yes,No,99990.0,3,0.0,0
352,ASUS,Intel,Core i5,11,8,LPDDR4X,512,0,Windows,64-bit,0,ThinNlight,0,No,No,84990.0,3,0.0,0
353,Lenovo,Intel,Core i5,10,8,DDR4,512,0,Windows,64-bit,4,Gaming,0,No,No,69899.0,4,348.75,37
354,DELL,Intel,Core i5,10,8,DDR4,512,0,Windows,64-bit,4,Casual,1,No,No,79990.0,3,0.0,0
355,DELL,Intel,Core i5,10,8,DDR4,512,0,Windows,64-bit,4,Casual,1,No,No,76300.0,4,6.0,0
356,Lenovo,Intel,Core i5,10,8,DDR4,512,0,Windows,64-bit,0,Casual,1,No,Yes,55999.0,3,0.0,0
357,DELL,Intel,Core i5,11,8,DDR4,512,0,Windows,64-bit,0,ThinNlight,0,No,No,72900.0,3,24.0,4
358,DELL,Intel,Core i5,11,8,DDR4,512,0,Windows,64-bit,0,Casual,1,Yes,Yes,73990.0,4,195.0,17
359,ASUS,Intel,Core i5,11,8,LPDDR4,512,0,Windows,64-bit,0,ThinNlight,0,No,No,84990.0,3,0.0,0
360,DELL,Intel,Core i5,11,8,DDR4,512,0,Windows,32-bit,2,Casual,0,No,No,73519.0,3,0.0,0
361,HP,Intel,Core i5,10,8,DDR4,512,0,Windows,64-bit,0,Casual,1,Yes,No,126000.0,5,2.0,1
362,ASUS,Intel,Core i5,11,8,DDR4,512,0,Windows,64-bit,6,Casual,1,No,No,88990.0,3,0.0,0
363,HP,Intel,Core i5,11,8,DDR4,512,0,Windows,64-bit,0,ThinNlight,1,Yes,Yes,114999.0,3,0.0,0
364,DELL,Intel,Core i5,11,8,DDR4,512,0,Windows,64-bit,2,Casual,1,Yes,Yes,82990.0,4,21.0,2
365,acer,Intel,Core i5,11,8,DDR4,512,0,Windows,64-bit,0,ThinNlight,0,Yes,No,109999.0,3,0.0,0
366,Lenovo,Intel,Core i5,11,8,DDR4,512,0,Windows,64-bit,0,ThinNlight,1,Yes,Yes,82990.0,3,0.0,0
367,DELL,Intel,Core i5,11,8,DDR4,512,0,Windows,64-bit,2,Casual,1,Yes,Yes,79990.0,4,5.0,0
368,ASUS,Intel,Core i5,11,8,LPDDR4X,512,0,Windows,64-bit,0,Casual,1,Yes,No,114990.0,3,0.0,0
369,HP,Intel,Core i5,11,8,LPDDR4X,512,0,Windows,64-bit,0,Casual,1,Yes,No,129999.0,3,0.0,0
370,MSI,Intel,Core i5,8,8,DDR5,512,0,Windows,32-bit,6,Casual,0,No,No,149990.0,4,10.0,3
371,DELL,Intel,Core i5,11,8,DDR4,512,0,Windows,64-bit,2,Casual,0,No,No,71290.0,3,0.0,0
372,DELL,Intel,Core i5,10,8,DDR4,512,0,Windows,64-bit,0,ThinNlight,1,No,Yes,79500.0,4,10.0,1
373,DELL,Intel,Core i5,10,8,DDR4,512,0,Windows,64-bit,2,Casual,1,No,Yes,82990.0,3,15.0,3
374,DELL,Intel,Core i5,11,8,DDR4,512,0,Windows,64-bit,2,Casual,1,No,Yes,70980.0,4,138.0,23
375,ASUS,Intel,Core i5,11,8,LPDDR4X,512,0,Windows,64-bit,0,Casual,1,Yes,No,99990.0,3,0.0,0
376,HP,Intel,Core i5,11,8,DDR4,512,0,Windows,32-bit,0,Casual,0,No,No,94000.0,3,0.0,0
377,DELL,Intel,Core i5,11,8,DDR4,512,0,Windows,64-bit,2,Casual,0,Yes,No,82990.0,4,16.0,3
378,MSI,Intel,Core i5,11,8,LPDDR4X,512,0,Windows,64-bit,0,Casual,1,No,No,79990.0,4,11.0,4
379,ASUS,Intel,Core i5,8,8,DDR4,512,0,Windows,64-bit,0,ThinNlight,0,No,No,85990.0,3,0.0,0
380,ASUS,Intel,Core i5,10,8,DDR4,512,0,Windows,64-bit,2,Casual,0,No,No,86990.0,3,0.0,0
381,ASUS,Intel,Core i5,10,8,LPDDR3,512,0,Windows,64-bit,2,Casual,1,No,Yes,105990.0,5,4.0,0
382,ASUS,Intel,Core i5,10,8,LPDDR3,512,0,Windows,64-bit,0,Casual,0,No,No,84990.0,3,0.0,0
383,Lenovo,Intel,Core i5,8,8,DDR4,512,0,Windows,64-bit,2,Casual,1,No,Yes,59999.0,4,22.0,3
384,Lenovo,Intel,Core i5,11,8,DDR4,512,0,Windows,64-bit,0,Casual,1,No,Yes,91999.0,4,16.0,2
385,DELL,Intel,Core i5,11,8,DDR4,512,0,Windows,64-bit,0,Casual,1,Yes,Yes,78900.0,3,16.0,1
386,ASUS,Intel,Core i5,10,8,LPDDR3,512,0,Windows,64-bit,0,Casual,0,No,No,132790.0,3,0.0,0
387,Lenovo,Intel,Core i5,11,8,DDR4,512,0,Windows,64-bit,4,Gaming,0,No,No,60990.0,3,14.0,6
388,Avita,Intel,Core i5,7,8,DDR4,512,0,Windows,64-bit,0,ThinNlight,0,No,No,65556.0,3,0.0,0
389,DELL,Intel,Core i5,11,16,DDR4,512,0,Windows,64-bit,0,ThinNlight,0,No,No,70190.0,3,6.0,3
390,DELL,Intel,Core i5,11,8,DDR4,512,0,Windows,64-bit,2,Casual,1,Yes,No,79590.0,3,0.0,0
391,Avita,Intel,Core i5,7,8,DDR4,512,0,Windows,64-bit,0,ThinNlight,0,No,No,65556.0,3,0.0,0
392,ASUS,Intel,Core i5,11,8,DDR4,512,0,Windows,64-bit,4,Casual,1,No,No,76990.0,3,0.0,0
393,Avita,Intel,Core i5,7,8,DDR4,512,0,Windows,64-bit,0,ThinNlight,0,No,No,65556.0,3,0.0,0
394,Avita,Intel,Core i5,8,8,DDR4,512,0,Windows,64-bit,0,ThinNlight,0,No,No,44990.0,3,17.0,3
395,ASUS,Intel,Core i5,11,8,DDR4,512,0,Windows,64-bit,0,Casual,1,Yes,Yes,84990.0,3,17.0,2
396,Lenovo,Intel,Core i5,10,8,DDR4,512,0,Windows,64-bit,2,Casual,1,Yes,Yes,86999.0,4,3.0,0
397,HP,Intel,Core i5,11,16,DDR4,512,0,Windows,64-bit,2,Casual,1,No,No,78000.0,4,348.75,45
398,Avita,Intel,Core i5,8,8,DDR4,512,0,Windows,64-bit,0,ThinNlight,0,No,No,73063.0,3,17.0,3
399,Avita,Intel,Core i5,8,8,DDR4,512,0,Windows,64-bit,0,ThinNlight,0,No,No,73063.0,3,17.0,3
400,HP,Intel,Core i5,11,16,DDR4,512,0,Windows,64-bit,4,Casual,1,No,Yes,100990.0,3,0.0,0
401,Lenovo,Intel,Core i5,8,8,DDR4,512,0,Windows,64-bit,0,ThinNlight,1,No,Yes,74990.0,3,3.0,1
402,ASUS,Intel,Core i5,10,8,DDR4,512,0,Windows,64-bit,4,Casual,0,No,No,75990.0,4,348.75,45
403,Lenovo,Intel,Core i5,11,8,DDR4,512,0,Windows,32-bit,2,Casual,1,No,Yes,84086.0,3,8.0,3
404,ASUS,Intel,Core i5,11,8,DDR4,1024,0,Windows,64-bit,4,Gaming,0,No,No,75990.0,4,348.75,45
405,ASUS,Intel,Core i5,11,8,DDR4,1024,0,Windows,64-bit,4,Gaming,1,No,Yes,77990.0,4,202.0,26
406,ASUS,Intel,Core i5,10,8,DDR4,1024,0,Windows,64-bit,4,Casual,1,No,No,77990.0,4,187.0,26
407,APPLE,Intel,Core i5,10,16,LPDDR4X,1024,0,Mac,64-bit,0,Casual,1,No,No,154947.5,4,31.0,3
408,APPLE,Intel,Core i5,10,16,LPDDR4X,1024,0,Mac,64-bit,0,Casual,1,No,No,154947.5,4,91.0,5
409,ASUS,Intel,Core i5,10,8,DDR4,1024,0,Windows,64-bit,4,Casual,0,No,No,82990.0,4,348.75,45
410,ASUS,Intel,Core i5,11,8,DDR4,1024,0,Windows,64-bit,4,Casual,1,No,No,87990.0,3,0.0,0
411,ASUS,Intel,Core i5,11,8,DDR4,1024,0,Windows,64-bit,4,Casual,0,No,No,84500.0,4,3.0,0
412,DELL,Intel,Core i5,11,8,LPDDR4X,1024,0,Windows,64-bit,0,ThinNlight,0,No,No,74190.0,4,21.0,3
413,Lenovo,Intel,Core i5,11,8,DDR4,1024,0,Windows,64-bit,0,ThinNlight,1,No,Yes,64990.0,3,4.0,0
414,Lenovo,Intel,Core i5,10,8,DDR4,512,512,Windows,64-bit,0,ThinNlight,3,Yes,No,154947.5,3,0.0,0
415,Lenovo,Intel,Core i5,10,8,DDR4,512,512,Windows,64-bit,0,ThinNlight,3,Yes,No,125394.0,3,0.0,0
416,acer,Intel,Core i5,11,8,DDR4,0,1024,Windows,64-bit,0,Casual,0,No,No,49990.0,3,0.0,0
417,acer,Intel,Core i5,11,8,DDR4,0,1024,Windows,64-bit,0,ThinNlight,1,No,No,46990.0,3,253.0,28
418,DELL,Intel,Core i5,11,8,DDR4,0,1024,Windows,64-bit,0,ThinNlight,1,No,Yes,48990.0,3,348.75,45
419,acer,Intel,Core i5,8,8,DDR4,0,1024,Windows,64-bit,2,Casual,1,No,Yes,59999.0,4,118.0,28
420,ASUS,Intel,Core i5,10,8,DDR4,0,1024,Windows,64-bit,0,ThinNlight,1,No,No,46990.0,4,348.75,45
421,MSI,Intel,Core i5,10,8,DDR4,0,1024,Windows,64-bit,4,Casual,2,No,No,52990.0,4,348.75,45
422,Lenovo,Intel,Core i5,7,8,DDR4,0,1024,Windows,32-bit,2,Casual,0,No,No,57999.0,3,0.0,0
423,Lenovo,Intel,Core i5,4,8,DDR3,0,1024,Windows,64-bit,0,Casual,0,No,No,52490.0,3,78.0,17
424,Lenovo,Intel,Core i5,8,8,DDR4,0,1024,Windows,64-bit,4,Casual,1,No,No,56990.0,4,21.0,5
425,acer,Intel,Core i5,8,8,DDR4,0,1024,Windows,64-bit,2,ThinNlight,1,No,No,61990.0,4,73.0,21
426,DELL,Intel,Core i5,11,8,DDR4,0,1024,Windows,32-bit,0,Casual,0,No,No,58090.0,3,0.0,0
427,ASUS,Intel,Core i5,10,8,DDR4,0,1024,Windows,64-bit,0,Casual,0,No,No,56990.0,3,0.0,0
428,acer,Intel,Core i5,8,8,DDR4,0,1024,Windows,64-bit,0,ThinNlight,1,No,No,61597.0,3,0.0,0
429,ASUS,Intel,Core i5,8,8,DDR4,0,1024,Windows,64-bit,0,ThinNlight,0,No,No,81990.0,3,0.0,0
430,ASUS,Intel,Core i5,10,8,DDR4,0,1024,Windows,64-bit,0,Casual,0,No,No,61249.0,3,0.0,0
431,DELL,Intel,Core i5,11,8,DDR4,0,1024,Windows,32-bit,0,Casual,0,No,No,58990.0,3,0.0,0
432,ASUS,Intel,Core i5,10,8,DDR4,0,1024,Windows,64-bit,2,Casual,0,No,No,83990.0,3,0.0,0
433,MSI,Intel,Core i5,10,8,LPDDR4,0,512,DOS,32-bit,6,Casual,0,No,No,154947.5,4,7.0,3
434,MSI,Intel,Core i5,10,8,LPDDR4,0,512,DOS,32-bit,6,Casual,0,No,No,145990.0,4,348.75,45
435,MSI,Intel,Core i5,10,8,LPDDR4,0,512,DOS,32-bit,8,Casual,0,No,No,154947.5,4,24.0,5
436,HP,Intel,Core i5,8,8,DDR4,0,1024,Windows,64-bit,2,Casual,1,No,Yes,64990.0,4,23.0,4
437,HP,Intel,Core i5,8,8,DDR4,0,1024,Windows,64-bit,0,Casual,1,No,No,46790.0,4,348.75,45
438,HP,Intel,Core i5,7,4,DDR4,0,1024,Windows,64-bit,0,Casual,1,No,No,44599.0,4,122.0,12
439,acer,Intel,Core i5,8,8,DDR4,0,1024,Windows,64-bit,2,Casual,1,No,No,72964.0,4,18.0,6
440,HP,Intel,Core i5,10,8,DDR4,0,1024,Windows,32-bit,0,Casual,1,No,Yes,48790.0,3,11.0,1
441,acer,Intel,Core i5,10,8,DDR4,0,1024,Windows,64-bit,2,Casual,1,No,No,56491.0,3,30.0,6
442,ASUS,Intel,Core i5,11,8,DDR4,256,1024,Windows,32-bit,0,Casual,1,No,Yes,50990.0,4,348.75,45
443,ASUS,Intel,Core i5,10,8,DDR4,256,1024,Windows,64-bit,4,Gaming,0,No,No,55990.0,4,23.0,0
444,acer,Intel,Core i5,11,8,DDR4,256,1024,Windows,64-bit,0,Casual,1,No,No,57990.0,4,32.0,1
445,ASUS,Intel,Core i5,11,8,DDR4,256,1024,Windows,64-bit,0,Casual,1,No,No,52990.0,3,0.0,0
446,DELL,Intel,Core i5,11,8,DDR4,256,1024,Windows,64-bit,0,Casual,1,No,No,57990.0,4,47.0,0
447,acer,Intel,Core i5,11,8,DDR4,256,1024,Windows,64-bit,0,ThinNlight,1,No,No,56990.0,4,27.0,2
448,acer,Intel,Core i5,11,8,DDR4,256,1024,Windows,64-bit,0,Casual,0,No,No,55490.0,3,8.0,3
449,DELL,Intel,Core i5,11,8,DDR4,256,1024,Windows,64-bit,2,Casual,1,No,No,62490.0,3,157.0,20
450,ASUS,Intel,Core i5,11,16,DDR4,256,1024,Windows,64-bit,0,Casual,1,No,No,64990.0,4,10.0,1
451,Lenovo,Intel,Core i5,11,8,DDR4,256,1024,Windows,64-bit,2,Casual,1,No,Yes,59990.0,4,52.0,4
452,ASUS,Intel,Core i5,11,8,DDR4,256,1024,Windows,64-bit,2,Casual,1,No,Yes,60190.0,4,33.0,4
453,ASUS,Intel,Core i5,9,8,DDR4,256,1024,Windows,64-bit,4,Gaming,0,No,No,54490.0,4,343.0,45
454,Lenovo,Intel,Core i5,9,8,DDR4,256,1024,Windows,64-bit,4,Casual,1,No,Yes,60990.0,4,131.0,17
455,DELL,Intel,Core i5,11,4,DDR4,256,1024,Windows,64-bit,0,ThinNlight,1,No,Yes,55790.0,4,41.0,4
456,ASUS,Intel,Core i5,11,16,DDR4,256,1024,Windows,64-bit,0,Casual,1,No,Yes,64990.0,4,328.0,45
457,ASUS,Intel,Core i5,11,16,DDR4,256,1024,Windows,64-bit,0,ThinNlight,0,No,No,58990.0,4,6.0,1
458,DELL,Intel,Core i5,11,8,DDR4,256,1024,Windows,64-bit,0,ThinNlight,1,No,Yes,54990.0,3,348.75,28
459,HP,Intel,Core i5,11,8,DDR4,256,1024,Windows,64-bit,4,Gaming,1,No,Yes,71990.0,4,127.0,20
460,DELL,Intel,Core i5,11,8,DDR4,256,1024,Windows,64-bit,2,Casual,1,No,No,69900.0,3,0.0,0
461,Lenovo,Intel,Core i5,11,8,DDR4,256,1024,Windows,64-bit,2,Casual,1,No,Yes,65990.0,4,241.0,19
462,ASUS,Intel,Core i5,11,8,DDR4,256,1024,Windows,64-bit,0,Casual,1,No,No,49990.0,3,22.0,2
463,DELL,Intel,Core i5,11,8,DDR4,256,1024,Windows,64-bit,0,ThinNlight,1,No,Yes,58990.0,4,8.0,1
464,Lenovo,Intel,Core i5,10,8,DDR4,256,1024,Windows,64-bit,4,Gaming,0,No,No,74590.0,4,348.75,45
465,ASUS,Intel,Core i5,10,8,DDR4,256,1024,Windows,32-bit,2,Casual,0,No,No,58990.0,5,1.0,1
466,ASUS,Intel,Core i5,11,8,DDR4,256,1024,Windows,64-bit,0,Casual,1,No,No,64990.0,3,0.0,0
467,DELL,Intel,Core i5,11,8,DDR4,256,1024,Windows,64-bit,2,Casual,0,No,No,66490.0,3,6.0,1
468,DELL,Intel,Core i5,10,8,DDR4,256,1024,Windows,64-bit,4,Casual,0,No,No,77900.0,4,179.0,34
469,DELL,Intel,Core i5,11,8,DDR4,256,1024,Windows,64-bit,2,Casual,0,No,No,67490.0,3,41.0,5
470,DELL,Intel,Core i5,11,8,DDR4,256,1024,Windows,64-bit,0,ThinNlight,1,No,Yes,61990.0,3,0.0,0
471,DELL,Intel,Core i5,11,8,DDR4,256,1024,Windows,64-bit,0,Casual,1,No,Yes,58990.0,4,114.0,9
472,Lenovo,Intel,Core i5,10,8,DDR4,256,1024,Windows,64-bit,4,Gaming,0,No,No,74999.0,4,268.0,25
473,ASUS,Intel,Core i5,11,8,DDR4,256,1024,Windows,64-bit,0,Casual,1,No,Yes,68900.0,5,6.0,1
474,DELL,Intel,Core i5,11,8,DDR4,256,1024,Windows,64-bit,2,Casual,0,No,No,71695.0,4,153.0,16
475,acer,Intel,Core i5,11,16,DDR4,256,1024,Windows,64-bit,0,Casual,0,No,No,62490.0,3,8.0,0
476,DELL,Intel,Core i5,8,8,DDR4,0,2048,Windows,64-bit,2,Casual,1,No,Yes,62317.0,4,348.75,45
477,MSI,Intel,Core i5,10,8,LPDDR4,0,512,DOS,32-bit,8,Casual,0,No,No,154947.5,3,0.0,0
478,DELL,Intel,Core i7,8,16,DDR4,256,0,Windows,64-bit,4,Casual,1,No,Yes,87990.0,4,120.0,21
479,Avita,Intel,Core i7,8,8,DDR4,256,0,Windows,64-bit,0,ThinNlight,0,No,No,73990.0,3,0.0,0
480,Avita,Intel,Core i7,8,8,DDR4,256,0,Windows,64-bit,0,ThinNlight,0,No,No,73990.0,3,0.0,0
481,Avita,Intel,Core i7,8,8,DDR4,256,0,Windows,64-bit,0,ThinNlight,0,No,No,73990.0,3,0.0,0
482,Avita,Intel,Core i7,8,8,DDR4,256,0,Windows,64-bit,0,ThinNlight,0,No,No,73990.0,3,0.0,0
483,Avita,Intel,Core i7,8,8,DDR4,256,0,Windows,64-bit,0,ThinNlight,0,No,No,73990.0,3,0.0,0
484,Avita,Intel,Core i7,8,8,DDR4,256,0,Windows,64-bit,0,ThinNlight,0,No,No,73990.0,3,0.0,0
485,ASUS,Intel,Core i7,10,16,DDR4,512,0,Windows,64-bit,0,Casual,1,No,No,57990.0,4,76.0,9
486,ASUS,Intel,Core i7,10,8,DDR4,512,0,Windows,64-bit,4,Gaming,0,No,No,61990.0,4,11.0,2
487,MSI,Intel,Core i7,10,16,DDR4,512,0,Windows,64-bit,4,Casual,2,No,No,79990.0,4,348.75,45
488,Lenovo,Intel,Core i7,10,8,DDR4,512,0,Windows,64-bit,4,Gaming,1,No,Yes,68990.0,4,44.0,2
489,Lenovo,Intel,Core i7,11,16,DDR4,512,0,Windows,64-bit,0,Casual,1,Yes,Yes,85990.0,4,77.0,10
490,Lenovo,Intel,Core i7,11,16,DDR4,512,0,Windows,64-bit,4,Casual,1,No,Yes,99990.0,4,11.0,3
491,ASUS,Intel,Core i7,11,8,DDR4,512,0,Windows,64-bit,0,Casual,1,No,Yes,77990.0,4,21.0,5
492,Lenovo,Intel,Core i7,11,8,DDR4,512,0,Windows,64-bit,4,Gaming,0,No,No,79990.0,4,5.0,2
493,HP,Intel,Core i7,11,16,DDR4,512,0,Windows,64-bit,4,Casual,1,No,Yes,93190.0,5,4.0,0
494,ASUS,Intel,Core i7,11,16,LPDDR4X,512,0,Windows,64-bit,0,Casual,1,No,Yes,94990.0,3,0.0,0
495,Lenovo,Intel,Core i7,11,16,DDR4,512,0,Windows,64-bit,0,Casual,3,Yes,Yes,84990.0,4,13.0,2
496,MSI,Intel,Core i7,10,8,DDR4,512,0,Windows,64-bit,0,ThinNlight,0,No,No,57990.0,4,15.0,0
497,HP,Intel,Core i7,11,16,DDR4,512,0,Windows,64-bit,0,Casual,1,Yes,Yes,102990.0,4,11.0,2
498,DELL,Intel,Core i7,11,16,DDR4,512,0,Windows,64-bit,4,Casual,1,No,No,99990.0,3,0.0,0
499,ASUS,Intel,Core i7,11,16,DDR4,512,0,Windows,64-bit,4,Gaming,0,No,No,94990.0,4,118.0,15
500,HP,Intel,Core i7,11,16,DDR4,512,0,Windows,64-bit,0,Casual,1,Yes,Yes,104000.0,3,0.0,0
501,MSI,Intel,Core i7,11,16,DDR4,512,0,Windows,64-bit,2,Casual,0,No,No,76990.0,3,0.0,0
502,HP,Intel,Core i7,11,16,DDR4,512,0,Windows,64-bit,4,Gaming,1,No,Yes,90190.0,4,6.0,1
503,Lenovo,Intel,Core i7,11,16,DDR4,512,0,Windows,32-bit,0,Casual,0,Yes,No,88488.0,3,0.0,0
504,MSI,Intel,Core i7,10,16,DDR4,512,0,Windows,64-bit,4,Casual,1,No,No,109990.0,4,138.0,30
505,MSI,Intel,Core i7,11,16,DDR4,512,0,Windows,64-bit,4,Casual,0,No,No,86990.0,3,0.0,0
506,MSI,Intel,Core i7,11,16,LPDDR4X,512,0,Windows,64-bit,0,Casual,1,No,No,89990.0,3,0.0,0
507,HP,Intel,Core i7,10,16,LPDDR3,512,0,Windows,64-bit,0,Casual,1,Yes,Yes,154947.5,3,0.0,0
508,ASUS,Intel,Core i7,11,16,DDR4,512,0,Windows,64-bit,2,Casual,1,No,Yes,78990.0,4,35.0,4
509,DELL,Intel,Core i7,8,16,DDR3,512,0,Windows,64-bit,0,ThinNlight,1,No,Yes,121890.0,1,3.0,0
510,ASUS,Intel,Core i7,8,16,LPDDR3,512,0,Windows,64-bit,0,ThinNlight,1,No,No,85990.0,4,18.0,0
511,MSI,Intel,Core i7,11,16,DDR4,512,0,Windows,64-bit,4,Casual,2,No,No,94990.0,3,0.0,0
512,HP,Intel,Core i7,11,16,DDR4,512,0,Windows,64-bit,4,Gaming,1,No,Yes,92000.0,4,8.0,1
513,HP,Intel,Core i7,10,16,DDR4,512,0,Windows,64-bit,0,Casual,1,Yes,No,154947.5,3,3.0,1
514,DELL,Intel,Core i7,11,16,LPDDR4X,512,0,Windows,64-bit,0,ThinNlight,1,No,Yes,135300.0,5,5.0,2
515,MSI,Intel,Core i7,11,16,DDR4,512,0,Windows,64-bit,0,Casual,0,No,No,64990.0,4,33.0,5
516,Lenovo,Intel,Core i7,10,16,DDR4,512,0,Windows,64-bit,0,ThinNlight,3,No,No,154947.5,3,0.0,0
517,Lenovo,Intel,Core i7,10,16,DDR4,512,0,Windows,64-bit,0,ThinNlight,0,No,No,154947.5,3,0.0,0
518,DELL,Intel,Core i7,10,16,DDR4,512,0,Windows,64-bit,0,Casual,1,Yes,Yes,109190.0,3,0.0,0
519,HP,Intel,Core i7,11,16,DDR4,512,0,Windows,64-bit,0,Casual,1,Yes,Yes,99999.0,3,0.0,0
520,MSI,Intel,Core i7,10,16,DDR4,512,0,Windows,64-bit,2,Casual,1,No,No,104990.0,4,85.0,9
521,ASUS,Intel,Core i7,11,16,LPDDR4X,512,0,Windows,64-bit,0,ThinNlight,0,Yes,No,109990.0,3,0.0,0
522,ASUS,Intel,Core i7,8,16,DDR3,512,0,Windows,64-bit,0,ThinNlight,1,No,No,99990.0,4,30.0,7
523,Lenovo,Intel,Core i7,8,16,DDR4,512,0,Windows,64-bit,2,ThinNlight,0,No,No,154947.5,3,0.0,0
524,ASUS,Intel,Core i7,11,16,LPDDR4X,512,0,Windows,64-bit,0,ThinNlight,0,No,No,94990.0,3,0.0,0
525,Lenovo,Intel,Core i7,8,16,DDR4,512,0,Windows,64-bit,0,ThinNlight,1,No,Yes,86000.0,3,0.0,0
526,Lenovo,Intel,Core i7,10,16,DDR4,512,0,Windows,32-bit,2,Casual,0,No,No,154947.5,3,0.0,0
527,HP,Intel,Core i7,11,16,DDR4,512,0,Windows,32-bit,0,Casual,0,No,No,119599.0,3,0.0,0
528,Lenovo,Intel,Core i7,10,16,LPDDR3,512,0,Windows,64-bit,0,ThinNlight,0,No,No,154947.5,3,0.0,0
529,Lenovo,Intel,Core i7,11,16,DDR4,512,0,Windows,32-bit,0,Casual,0,No,No,110999.0,3,0.0,0
530,DELL,Intel,Core i7,11,16,DDR4,512,0,Windows,64-bit,4,Casual,1,No,No,99990.0,3,0.0,0
531,ASUS,Intel,Core i7,8,8,LPDDR3,512,0,Windows,64-bit,0,ThinNlight,1,No,No,81990.0,4,40.0,4
532,MSI,Intel,Core i7,9,8,DDR4,512,0,Windows,64-bit,4,Casual,2,No,No,66990.0,4,348.75,45
533,MSI,Intel,Core i7,10,16,DDR4,1024,0,Windows,64-bit,6,Casual,2,No,No,84990.0,4,348.75,45
534,ASUS,Intel,Core i7,11,16,LPDDR4X,1024,0,Windows,64-bit,2,Casual,1,Yes,Yes,104990.0,3,0.0,0
535,ASUS,Intel,Core i7,11,16,LPDDR4X,1024,0,Windows,64-bit,0,Casual,1,Yes,No,134990.0,3,0.0,0
536,ASUS,Intel,Core i7,11,16,DDR4,1024,0,Windows,64-bit,4,Gaming,0,No,No,98990.0,4,348.75,45
537,HP,Intel,Core i7,10,16,DDR4,1024,0,Windows,64-bit,6,Casual,1,No,Yes,144690.0,4,17.0,4
538,ASUS,Intel,Core i7,11,16,LPDDR4X,1024,0,Windows,64-bit,0,ThinNlight,0,No,No,99990.0,3,0.0,0
539,MSI,Intel,Core i7,11,16,DDR4,1024,0,Windows,64-bit,6,Casual,2,No,No,119990.0,4,20.0,3
540,ASUS,Intel,Core i7,11,16,DDR4,1024,0,Windows,32-bit,4,Casual,1,No,No,154947.5,3,0.0,0
541,ASUS,Intel,Core i7,10,16,LPDDR3,1024,0,Windows,64-bit,2,Casual,1,No,Yes,124990.0,4,17.0,1
542,DELL,Intel,Core i7,11,16,DDR4,1024,0,Windows,64-bit,2,Casual,0,No,No,122410.0,3,0.0,0
543,HP,Intel,Core i7,10,16,DDR4,1024,0,Windows,64-bit,0,Casual,1,Yes,No,154947.5,4,13.0,5
544,MSI,Intel,Core i7,11,16,DDR4,1024,0,Windows,64-bit,4,Casual,2,Yes,No,154947.5,4,3.0,2
545,Lenovo,Intel,Core i7,11,16,LPDDR4X,1024,0,Windows,64-bit,0,Casual,1,No,Yes,122990.0,3,4.0,2
546,ASUS,Intel,Core i7,10,16,DDR4,1024,0,Windows,64-bit,6,Casual,1,Yes,No,154947.5,4,9.0,0
547,MSI,Intel,Core i7,12,16,DDR5,1024,0,Windows,64-bit,8,Casual,0,No,No,154947.5,3,0.0,0
548,HP,Intel,Core i7,11,16,DDR4,1024,0,Windows,64-bit,4,Casual,0,No,No,121990.0,3,0.0,0
549,HP,Intel,Core i7,11,16,DDR4,1024,0,Windows,64-bit,4,Casual,0,No,No,116990.0,3,0.0,0
550,Lenovo,Intel,Core i7,11,16,DDR4,1024,0,Windows,64-bit,6,Casual,0,No,No,151098.0,4,7.0,0
551,MSI,Intel,Core i7,11,16,DDR4,1024,0,Windows,64-bit,8,Casual,2,No,No,129990.0,4,14.0,3
552,HP,Intel,Core i7,11,16,LPDDR4X,1024,0,Windows,64-bit,0,Casual,1,Yes,No,149999.0,3,0.0,0
553,MSI,Intel,Core i7,12,16,DDR4,1024,0,Windows,64-bit,6,Casual,0,No,No,139990.0,4,4.0,2
554,acer,Intel,Core i7,11,16,DDR4,1024,0,Windows,64-bit,6,Casual,1,No,No,129990.0,4,54.0,7
555,HP,Intel,Core i7,11,16,DDR4,1024,0,Windows,64-bit,8,Casual,1,No,Yes,154947.5,3,0.0,0
556,DELL,Intel,Core i7,11,16,DDR4,1024,0,Windows,64-bit,2,Casual,1,No,Yes,93955.0,4,4.0,0
557,ASUS,Intel,Core i7,10,16,DDR4,1024,0,Windows,64-bit,8,Casual,0,No,No,154947.5,3,0.0,0
558,HP,Intel,Core i7,11,16,LPDDR4X,1024,0,Windows,64-bit,0,Casual,1,Yes,Yes,128500.0,3,3.0,1
559,Lenovo,Intel,Core i7,11,16,DDR4,1024,0,Windows,64-bit,0,Casual,1,Yes,Yes,102990.0,4,16.0,2
560,ASUS,Intel,Core i7,11,16,LPDDR4X,1024,0,Windows,64-bit,0,Casual,1,Yes,No,119990.0,4,8.0,1
561,ASUS,Intel,Core i7,11,16,DDR4,1024,0,Windows,32-bit,6,Casual,0,No,No,120980.0,3,0.0,0
562,ASUS,Intel,Core i7,11,16,DDR4,1024,0,Windows,32-bit,6,Casual,1,No,No,154947.5,4,7.0,0
563,Lenovo,Intel,Core i7,9,16,DDR4,1024,0,Windows,64-bit,4,ThinNlight,0,No,No,154947.5,3,0.0,0
564,ASUS,Intel,Core i7,11,16,DDR4,1024,0,Windows,64-bit,6,Casual,1,No,No,131500.0,3,0.0,0
565,ASUS,Intel,Core i7,10,16,LPDDR3,1024,0,Windows,64-bit,0,Casual,0,No,No,154947.5,5,3.0,0
566,ASUS,Intel,Core i7,10,16,LPDDR3,1024,0,Windows,64-bit,0,Casual,0,No,No,154947.5,3,0.0,0
567,Lenovo,Intel,Core i7,10,16,LPDDR4X,1024,0,Windows,64-bit,0,ThinNlight,0,No,No,119990.0,2,2.0,1
568,ASUS,Intel,Core i7,10,16,LPDDR3,1024,0,Windows,64-bit,0,Casual,0,No,No,154947.5,3,0.0,0
569,HP,Intel,Core i7,11,16,LPDDR4X,1024,0,Windows,64-bit,0,Casual,1,Yes,No,154947.5,3,0.0,0
570,Avita,Intel,Core i7,10,16,DDR4,1024,0,Windows,64-bit,0,ThinNlight,0,No,No,62990.0,3,207.0,45
571,Lenovo,Intel,Core i7,11,16,LPDDR4,1024,0,Windows,64-bit,0,Casual,1,No,Yes,85990.0,3,7.0,2
572,HP,Intel,Core i7,11,16,DDR4,1024,0,Windows,64-bit,2,Casual,1,No,Yes,94990.0,3,0.0,0
573,HP,Intel,Core i7,11,16,DDR4,1024,0,Windows,64-bit,6,Casual,1,No,Yes,136990.0,3,0.0,0
574,Lenovo,Intel,Core i7,10,16,DDR4,1024,0,Windows,64-bit,8,Casual,1,No,Yes,154947.5,3,0.0,0
575,acer,Intel,Core i7,10,16,DDR4,2048,0,Windows,64-bit,8,Casual,1,No,No,154947.5,3,4.0,0
576,ASUS,Intel,Core i7,10,16,LPDDR3,2048,0,Windows,64-bit,0,Casual,0,No,No,154947.5,3,0.0,0
577,ASUS,Intel,Core i7,10,16,DDR4,0,1024,Windows,64-bit,2,Casual,0,No,No,93990.0,3,0.0,0
578,HP,Intel,Core i7,8,16,DDR4,128,1024,Windows,64-bit,4,Casual,1,No,No,116941.0,3,0.0,0
579,MSI,Intel,Core i7,10,8,DDR4,256,1024,Windows,64-bit,4,Casual,2,No,No,63990.0,4,348.75,45
580,ASUS,Intel,Core i7,10,16,DDR4,256,1024,Windows,64-bit,4,Gaming,0,No,No,66990.0,4,25.0,4
581,ASUS,Intel,Core i7,11,16,DDR4,256,1024,Windows,32-bit,0,ThinNlight,0,No,No,82500.0,3,0.0,0
582,acer,Intel,Core i7,10,16,DDR4,256,1024,Windows,64-bit,6,Casual,1,No,No,119990.0,4,348.75,45
583,MSI,Intel,Core i7,10,16,DDR4,256,1024,Windows,64-bit,4,Casual,3,No,No,154947.5,3,0.0,0
584,ASUS,Intel,Core i7,8,16,DDR4,256,1024,Windows,64-bit,0,ThinNlight,0,No,No,98912.0,3,0.0,0
585,acer,Intel,Core i7,11,16,DDR4,512,1024,Windows,64-bit,4,Casual,1,No,No,92990.0,4,214.0,37
586,acer,Intel,Core i7,11,16,DDR4,512,1024,Windows,32-bit,6,Casual,1,No,No,119990.0,4,342.0,45
587,acer,Intel,Core i9,11,32,DDR4,1024,0,Windows,64-bit,8,Casual,1,No,No,154947.5,3,0.0,0
588,acer,Intel,Core i9,11,16,DDR4,1024,0,Windows,64-bit,6,Casual,1,No,No,139990.0,3,0.0,0
589,MSI,Intel,Core i9,11,16,DDR4,1024,0,Windows,64-bit,6,Casual,0,No,No,154947.5,3,0.0,0
590,ASUS,Intel,Core i9,12,16,DDR5,1024,0,Windows,64-bit,6,Casual,0,No,No,154947.5,3,0.0,0
591,ASUS,Intel,Core i9,10,16,DDR4,1024,0,Windows,64-bit,6,Casual,1,Yes,No,154947.5,4,8.0,1
592,ASUS,Intel,Core i9,11,16,DDR4,1024,0,Windows,64-bit,6,Gaming,1,No,No,139990.0,3,0.0,0
593,Lenovo,Intel,Core i9,10,16,DDR4,1024,0,Windows,32-bit,8,Casual,0,No,No,154947.5,3,0.0,0
594,ASUS,Intel,Core i9,11,16,DDR4,3072,0,Windows,32-bit,6,Casual,1,No,No,154947.5,5,1.0,1
595,MSI,Intel,Core i5,10,8,LPDDR4,0,512,DOS,32-bit,4,Casual,0,No,No,86990.0,4,218.0,27
596,MSI,Intel,Core i5,10,8,LPDDR4,0,512,DOS,32-bit,6,Casual,0,No,No,109990.0,4,78.0,16
597,MSI,Intel,Core i5,10,8,LPDDR4,0,512,DOS,32-bit,4,Casual,0,No,No,109590.0,4,5.0,2
598,ASUS,Intel,Core i7,10,16,LPDDR4X,0,512,DOS,32-bit,6,Casual,0,No,No,146490.0,3,2.0,1
599,APPLE,M1,M1,10,8,DDR4,256,0,Mac,64-bit,0,Casual,1,No,No,85990.0,4,348.75,45
600,APPLE,M1,M1,10,8,DDR4,256,0,Mac,64-bit,0,Casual,1,No,No,112990.0,4,348.75,45
601,APPLE,M1,M1,10,16,DDR4,256,0,Mac,64-bit,0,Casual,1,No,No,104990.0,4,45.0,4
602,APPLE,M1,M1,10,8,DDR4,256,0,Mac,64-bit,0,Casual,1,No,No,112990.0,4,348.75,45
603,APPLE,M1,M1,10,16,DDR4,256,0,Mac,64-bit,0,Casual,1,No,No,132990.0,4,348.75,45
604,APPLE,M1,M1,10,16,DDR4,256,0,Mac,64-bit,0,Casual,1,No,No,104990.0,4,45.0,4
605,APPLE,M1,M1,10,8,DDR4,256,0,Mac,64-bit,0,Casual,1,No,No,85990.0,4,348.75,45
606,APPLE,M1,M1,10,16,DDR4,512,0,Mac,64-bit,0,Casual,1,No,No,149990.0,4,348.75,45
607,APPLE,M1,M1,10,8,DDR4,512,0,Mac,64-bit,0,Casual,1,No,No,125990.0,4,348.75,45
608,APPLE,M1,M1,10,8,DDR4,512,0,Mac,64-bit,0,Casual,1,No,No,103990.0,4,348.75,45
609,APPLE,M1,M1,10,8,DDR4,512,0,Mac,64-bit,0,Casual,1,No,No,101990.0,4,348.75,45
610,APPLE,M1,M1,10,8,DDR4,512,0,Mac,64-bit,0,Casual,1,No,No,104990.0,4,348.75,45
611,APPLE,M1,M1,10,8,DDR4,512,0,Mac,64-bit,0,Casual,1,No,No,131990.0,4,348.75,45
612,APPLE,M1,M1,10,16,DDR4,512,0,Mac,64-bit,0,Casual,1,No,No,128990.0,4,45.0,4
613,APPLE,M1,M1,10,16,DDR4,512,0,Mac,64-bit,0,Casual,1,No,No,154947.5,4,42.0,8
614,APPLE,M1,M1,10,16,DDR4,512,0,Mac,64-bit,0,Casual,1,No,No,154947.5,4,42.0,8
615,APPLE,M1,M1,10,4,DDR4,512,0,Mac,64-bit,0,Casual,1,No,No,124990.0,4,45.0,4
616,APPLE,M1,M1,10,8,DDR4,512,0,Mac,64-bit,0,Casual,1,No,No,104990.0,4,348.75,45
617,APPLE,M1,M1,10,8,DDR4,1024,0,Mac,64-bit,0,Casual,1,No,No,149990.0,4,348.75,45
618,APPLE,M1,M1,10,16,DDR4,1024,0,Mac,64-bit,0,Casual,1,No,No,154947.5,4,348.75,45
619,APPLE,M1,M1,10,16,DDR4,1024,0,Mac,64-bit,0,Casual,1,No,No,154947.5,4,42.0,8
620,APPLE,M1,M1,10,16,DDR4,1024,0,Mac,64-bit,0,Casual,1,No,No,154947.5,4,42.0,8
621,APPLE,M1,M1,10,32,DDR4,1024,0,Mac,64-bit,0,Casual,1,No,No,154947.5,5,3.0,1
622,APPLE,M1,M1,10,16,DDR4,1024,0,Mac,64-bit,0,Casual,1,No,No,154947.5,4,42.0,8
623,ASUS,Intel,Pentium Quad,0,4,LPDDR4X,0,512,Windows,64-bit,0,Casual,0,No,No,45990.0,3,0.0,0
624,ASUS,Intel,Pentium Quad,0,4,DDR4,128,0,Windows,32-bit,0,Casual,0,Yes,No,58100.0,3,0.0,0
625,ASUS,Intel,Pentium Quad,0,8,LPDDR4X,256,0,Windows,64-bit,0,Casual,1,Yes,No,62990.0,3,0.0,0
626,HP,Intel,Pentium Quad,0,8,DDR4,256,0,Windows,64-bit,0,ThinNlight,1,No,Yes,32990.0,4,77.0,9
627,ASUS,Intel,Pentium Quad,0,4,DDR4,256,0,Windows,64-bit,0,ThinNlight,1,No,Yes,33990.0,4,6.0,0
628,acer,Intel,Pentium Quad,0,4,DDR4,256,0,Windows,64-bit,0,Casual,1,No,No,30990.0,4,348.75,45
629,DELL,Intel,Pentium Quad,0,4,DDR4,256,0,Windows,64-bit,0,ThinNlight,1,No,No,36000.0,4,102.0,16
630,ASUS,Intel,Pentium Quad,0,4,DDR4,256,0,Windows,64-bit,0,ThinNlight,1,No,Yes,32990.0,4,7.0,1
631,DELL,Intel,Pentium Quad,0,4,DDR4,256,0,Windows,64-bit,0,Casual,1,No,No,35990.0,3,0.0,0
632,ASUS,Intel,Pentium Quad,0,4,LPDDR4,0,1024,Windows,64-bit,0,Casual,0,No,No,27990.0,3,0.0,0
633,ASUS,Intel,Pentium Quad,0,4,DDR4,0,1024,Windows,64-bit,0,Casual,1,No,No,25990.0,3,348.75,45
634,ASUS,Intel,Pentium Quad,0,4,DDR4,0,1024,Windows,64-bit,0,Casual,1,No,No,25990.0,3,348.75,45
635,ASUS,Intel,Pentium Quad,0,4,DDR4,0,1024,Windows,64-bit,0,Casual,0,No,No,30780.0,3,0.0,0
636,HP,AMD,Ryzen 3,0,8,DDR4,256,0,Windows,64-bit,0,ThinNlight,1,No,No,37990.0,4,348.75,45
637,ASUS,AMD,Ryzen 3,0,8,DDR4,256,0,Windows,64-bit,0,ThinNlight,1,No,No,35990.0,4,348.75,45
638,DELL,AMD,Ryzen 3,0,8,DDR4,256,0,Windows,64-bit,0,ThinNlight,0,No,No,39490.0,4,34.0,4
639,DELL,AMD,Ryzen 3,0,8,DDR4,256,0,Windows,64-bit,0,ThinNlight,0,No,No,36990.0,4,137.0,15
640,DELL,AMD,Ryzen 3,0,8,DDR4,256,0,Windows,64-bit,0,ThinNlight,1,No,No,39990.0,4,7.0,0
641,ASUS,AMD,Ryzen 3,0,4,DDR4,256,0,Windows,64-bit,0,ThinNlight,1,No,No,33690.0,4,170.0,26
642,DELL,AMD,Ryzen 3,0,8,DDR4,256,0,Windows,64-bit,0,ThinNlight,0,No,No,40590.0,3,0.0,0
643,ASUS,AMD,Ryzen 3,0,4,DDR4,256,0,Windows,64-bit,0,Casual,1,No,No,37990.0,4,39.0,3
644,ASUS,AMD,Ryzen 3,0,4,DDR4,256,0,Windows,64-bit,0,ThinNlight,1,No,Yes,34500.0,4,348.75,45
645,acer,AMD,Ryzen 3,0,8,DDR4,512,0,Windows,64-bit,0,Casual,1,No,No,36990.0,4,11.0,2
646,HP,AMD,Ryzen 3,0,8,DDR4,512,0,Windows,64-bit,0,ThinNlight,0,No,No,43490.0,4,163.0,33
647,HP,AMD,Ryzen 3,0,8,DDR4,512,0,Windows,64-bit,0,ThinNlight,1,No,Yes,41490.0,4,153.0,21
648,acer,AMD,Ryzen 3,0,4,DDR4,512,0,Windows,64-bit,0,Casual,0,No,No,34990.0,3,0.0,0
649,HP,AMD,Ryzen 3,0,4,DDR4,512,0,Windows,64-bit,0,ThinNlight,1,No,Yes,44490.0,4,267.0,42
650,DELL,AMD,Ryzen 3,0,4,DDR4,512,0,Windows,64-bit,0,ThinNlight,0,No,No,40590.0,3,0.0,0
651,DELL,AMD,Ryzen 3,0,8,DDR4,512,0,Windows,64-bit,0,ThinNlight,0,No,No,42090.0,3,3.0,0
652,DELL,AMD,Ryzen 3,0,8,DDR4,0,1024,Windows,64-bit,0,ThinNlight,1,No,Yes,35990.0,4,59.0,12
653,HP,AMD,Ryzen 3,0,8,DDR4,0,1024,Windows,64-bit,0,ThinNlight,1,No,Yes,39490.0,4,348.75,45
654,DELL,AMD,Ryzen 3,0,8,DDR4,0,1024,Windows,64-bit,0,ThinNlight,0,No,No,37390.0,4,38.0,5
655,DELL,AMD,Ryzen 3,0,4,DDR4,0,1024,Windows,64-bit,0,ThinNlight,1,No,Yes,52632.0,3,0.0,0
656,DELL,AMD,Ryzen 3,0,4,DDR4,0,1024,Windows,64-bit,0,Casual,1,No,Yes,39990.0,4,348.75,39
657,DELL,AMD,Ryzen 3,0,4,DDR4,0,1024,Windows,64-bit,0,Casual,1,No,No,43990.0,3,0.0,0
658,HP,AMD,Ryzen 3,0,4,DDR4,0,1024,Windows,64-bit,0,Casual,1,No,No,32917.0,4,348.75,45
659,Lenovo,AMD,Ryzen 3,0,4,DDR4,0,1024,Windows,64-bit,0,Casual,0,No,No,34990.0,3,38.0,6
660,DELL,AMD,Ryzen 3,0,8,DDR4,0,1024,Windows,64-bit,0,ThinNlight,0,No,No,39990.0,3,18.0,4
661,HP,AMD,Ryzen 3,0,8,DDR4,256,1024,Windows,64-bit,0,Casual,1,No,Yes,41999.0,4,348.75,45
662,DELL,AMD,Ryzen 5,0,8,DDR4,256,0,Windows,64-bit,0,Casual,1,No,Yes,41990.0,4,348.75,45
663,DELL,AMD,Ryzen 5,0,8,DDR4,256,0,Windows,64-bit,0,ThinNlight,1,No,No,44490.0,4,14.0,1
664,DELL,AMD,Ryzen 5,0,8,DDR4,256,0,Windows,64-bit,0,Casual,1,No,Yes,41990.0,4,348.75,45
665,DELL,AMD,Ryzen 5,0,8,DDR4,256,0,Windows,64-bit,0,ThinNlight,1,No,Yes,44490.0,4,8.0,2
666,MSI,AMD,Ryzen 5,0,4,DDR4,256,0,Windows,64-bit,0,Casual,1,No,No,49990.0,3,0.0,0
667,DELL,AMD,Ryzen 5,0,4,DDR4,256,0,Windows,64-bit,0,ThinNlight,1,No,No,44390.0,4,276.0,24
668,HP,AMD,Ryzen 5,0,8,DDR4,512,0,Windows,64-bit,4,Casual,1,No,No,57990.0,4,348.75,45
669,Lenovo,AMD,Ryzen 5,0,8,DDR4,512,0,Windows,64-bit,4,Gaming,1,No,Yes,56990.0,4,162.0,15
670,Lenovo,AMD,Ryzen 5,0,8,DDR4,512,0,Windows,64-bit,0,ThinNlight,1,No,No,48990.0,4,219.0,27
671,HP,AMD,Ryzen 5,0,8,DDR4,512,0,Windows,64-bit,0,ThinNlight,1,No,Yes,49970.0,4,193.0,28
672,MSI,AMD,Ryzen 5,0,8,DDR4,512,0,Windows,64-bit,0,Casual,0,No,No,47990.0,4,348.75,45
673,HP,AMD,Ryzen 5,0,8,DDR4,512,0,Windows,64-bit,0,ThinNlight,1,No,Yes,48990.0,4,45.0,5
674,acer,AMD,Ryzen 5,0,8,LPDDR4X,512,0,Windows,64-bit,0,ThinNlight,1,No,No,53990.0,4,7.0,0
675,Lenovo,AMD,Ryzen 5,0,8,DDR4,512,0,Windows,64-bit,0,Casual,1,No,Yes,52990.0,4,39.0,5
676,acer,AMD,Ryzen 5,0,8,DDR4,512,0,Windows,64-bit,0,Casual,1,No,No,43990.0,3,0.0,0
677,Lenovo,AMD,Ryzen 5,0,8,DDR4,512,0,Windows,64-bit,4,Gaming,0,No,No,59490.0,4,92.0,10
678,MSI,AMD,Ryzen 5,0,8,DDR4,512,0,Windows,64-bit,4,Casual,0,No,No,64990.0,4,348.75,45
679,DELL,AMD,Ryzen 5,0,8,DDR4,512,0,Windows,64-bit,0,ThinNlight,0,No,No,47490.0,2,2.0,1
680,HP,AMD,Ryzen 5,0,8,DDR4,512,0,Windows,64-bit,4,Casual,1,No,No,59990.0,4,348.75,45
681,Lenovo,AMD,Ryzen 5,0,8,DDR4,512,0,Windows,64-bit,4,Casual,0,No,No,69990.0,4,9.0,0
682,HP,AMD,Ryzen 5,0,8,DDR4,512,0,Windows,64-bit,4,Casual,1,No,No,58990.0,4,348.75,45
683,DELL,AMD,Ryzen 5,0,8,DDR4,512,0,Windows,64-bit,0,ThinNlight,1,No,No,59490.0,4,74.0,18
684,HP,AMD,Ryzen 5,0,16,DDR4,512,0,Windows,64-bit,0,ThinNlight,1,No,Yes,67500.0,4,196.0,19
685,HP,AMD,Ryzen 5,0,8,DDR4,512,0,Windows,32-bit,0,Casual,0,No,No,48990.0,4,17.0,1
686,ASUS,AMD,Ryzen 5,0,8,DDR4,512,0,Windows,64-bit,0,Casual,1,Yes,Yes,62450.0,4,172.0,36
687,ASUS,AMD,Ryzen 5,0,8,DDR4,512,0,Windows,64-bit,0,Casual,1,No,No,58990.0,4,324.0,34
688,HP,AMD,Ryzen 5,0,8,DDR4,512,0,Windows,64-bit,0,ThinNlight,1,No,Yes,57999.0,4,86.0,15
689,ASUS,AMD,Ryzen 5,0,16,DDR4,512,0,Windows,64-bit,0,Casual,0,No,No,56990.0,4,4.0,1
690,HP,AMD,Ryzen 5,0,8,DDR4,512,0,Windows,64-bit,4,Casual,1,No,Yes,72990.0,4,16.0,4
691,HP,AMD,Ryzen 5,0,16,DDR4,512,0,Windows,64-bit,0,Casual,1,No,Yes,65990.0,4,104.0,18
692,HP,AMD,Ryzen 5,0,16,DDR4,512,0,Windows,64-bit,0,Casual,1,Yes,Yes,98020.0,3,0.0,0
693,HP,AMD,Ryzen 5,0,16,DDR4,512,0,Windows,64-bit,2,Casual,1,No,Yes,63990.0,4,90.0,13
694,ASUS,AMD,Ryzen 5,0,8,DDR4,512,0,Windows,32-bit,0,ThinNlight,1,No,Yes,49890.0,4,6.0,1
695,DELL,AMD,Ryzen 5,0,8,DDR4,512,0,Windows,64-bit,0,ThinNlight,1,No,Yes,49990.0,4,47.0,7
696,DELL,AMD,Ryzen 5,0,8,DDR4,512,0,Windows,64-bit,0,ThinNlight,1,No,Yes,59490.0,3,0.0,0
697,HP,AMD,Ryzen 5,0,8,DDR4,512,0,Windows,64-bit,0,Casual,1,Yes,Yes,73999.0,4,206.0,27
698,DELL,AMD,Ryzen 5,0,4,DDR4,512,0,Windows,64-bit,0,ThinNlight,1,No,Yes,60990.0,4,183.0,42
699,DELL,AMD,Ryzen 5,0,4,DDR4,512,0,Windows,64-bit,6,Casual,0,No,No,76190.0,4,348.75,45
700,Lenovo,AMD,Ryzen 5,0,4,LPDDR4X,512,0,Windows,64-bit,0,ThinNlight,3,Yes,Yes,74798.0,3,0.0,0
701,ASUS,AMD,Ryzen 5,0,4,DDR4,512,0,Windows,64-bit,0,Casual,1,No,No,58990.0,4,88.0,13
702,HP,AMD,Ryzen 5,0,4,DDR4,512,0,Windows,32-bit,4,Casual,0,No,No,68100.0,3,0.0,0
703,Lenovo,AMD,Ryzen 5,0,4,DDR4,512,0,Windows,64-bit,0,ThinNlight,1,Yes,Yes,77990.0,3,0.0,0
704,HP,AMD,Ryzen 5,0,4,DDR4,512,0,Windows,64-bit,0,ThinNlight,1,No,Yes,55090.0,4,348.75,45
705,ASUS,AMD,Ryzen 5,0,4,LPDDR4X,512,0,Windows,64-bit,0,Casual,0,Yes,No,91990.0,3,0.0,0
706,HP,AMD,Ryzen 5,0,4,DDR4,512,0,Windows,64-bit,0,Casual,1,No,Yes,84208.0,3,0.0,0
707,acer,AMD,Ryzen 5,0,4,DDR4,512,0,Windows,64-bit,0,Casual,1,No,No,44990.0,4,313.0,39
708,HP,AMD,Ryzen 5,0,4,DDR4,512,0,Windows,64-bit,0,ThinNlight,1,No,Yes,53490.0,4,348.75,45
709,Lenovo,AMD,Ryzen 5,0,4,DDR4,512,0,Windows,64-bit,4,Casual,0,No,No,76498.0,3,0.0,0
710,DELL,AMD,Ryzen 5,0,4,DDR4,512,0,Windows,64-bit,4,Casual,1,No,No,98920.0,3,0.0,0
711,MSI,AMD,Ryzen 5,0,4,DDR4,512,0,Windows,64-bit,0,Casual,0,No,No,54990.0,4,348.75,45
712,acer,AMD,Ryzen 5,0,4,DDR4,512,0,Windows,64-bit,0,Casual,1,No,No,49990.0,4,47.0,6
713,HP,AMD,Ryzen 5,0,4,DDR4,512,0,Windows,32-bit,0,Casual,0,No,No,52380.0,3,0.0,0
714,acer,AMD,Ryzen 5,0,4,DDR4,512,0,Windows,64-bit,0,ThinNlight,1,No,No,49990.0,4,6.0,1
715,HP,AMD,Ryzen 5,0,4,DDR4,512,0,Windows,64-bit,0,ThinNlight,1,No,Yes,52500.0,4,348.75,45
716,ASUS,AMD,Ryzen 5,0,4,DDR4,512,0,Windows,64-bit,0,ThinNlight,1,No,Yes,49990.0,4,14.0,2
717,acer,AMD,Ryzen 5,0,4,DDR4,512,0,Windows,64-bit,0,ThinNlight,1,No,No,75999.0,3,0.0,0
718,ASUS,AMD,Ryzen 5,0,4,DDR4,512,0,Windows,64-bit,0,Casual,1,No,No,80990.0,3,0.0,0
719,Lenovo,AMD,Ryzen 5,0,4,DDR4,512,0,Windows,32-bit,0,Casual,1,No,No,59900.0,3,3.0,0
720,HP,AMD,Ryzen 5,0,4,DDR4,512,0,Windows,64-bit,0,ThinNlight,1,No,Yes,54590.0,4,348.75,45
721,DELL,AMD,Ryzen 5,0,4,DDR4,512,0,Windows,64-bit,0,Casual,1,Yes,Yes,75500.0,3,0.0,0
722,HP,AMD,Ryzen 5,0,8,DDR4,512,0,Windows,64-bit,0,ThinNlight,1,No,Yes,51890.0,4,348.75,45
723,ASUS,AMD,Ryzen 5,0,16,DDR4,512,0,Windows,64-bit,0,Casual,1,No,No,78000.0,2,3.0,0
724,HP,AMD,Ryzen 5,0,16,DDR4,512,0,Windows,64-bit,0,ThinNlight,1,No,Yes,59999.0,4,19.0,1
725,HP,AMD,Ryzen 5,0,8,DDR4,512,0,Windows,64-bit,4,Gaming,1,No,Yes,64990.0,3,8.0,1
726,DELL,AMD,Ryzen 5,0,4,DDR4,1024,0,Windows,32-bit,0,Casual,0,No,No,57900.0,4,3.0,1
727,Lenovo,AMD,Ryzen 5,0,4,LPDDR4X,1024,0,Windows,64-bit,0,ThinNlight,3,Yes,Yes,81978.0,3,0.0,0
728,HP,AMD,Ryzen 5,0,4,DDR4,0,1024,Windows,64-bit,4,Gaming,1,No,No,59990.0,4,348.75,45
729,DELL,AMD,Ryzen 5,0,8,DDR4,256,1024,Windows,64-bit,0,Casual,0,No,No,49490.0,4,31.0,3
730,ASUS,AMD,Ryzen 5,0,8,DDR4,256,1024,Windows,64-bit,0,Casual,1,No,No,54990.0,4,18.0,3
731,Lenovo,AMD,Ryzen 5,0,8,DDR4,256,1024,Windows,64-bit,4,Casual,0,No,No,68500.0,4,271.0,24
732,ASUS,AMD,Ryzen 5,0,8,DDR4,256,1024,Windows,64-bit,0,Casual,1,No,No,54990.0,4,49.0,6
733,ASUS,AMD,Ryzen 5,0,8,DDR4,256,1024,Windows,32-bit,0,Casual,1,No,Yes,54990.0,4,348.75,45
734,Lenovo,AMD,Ryzen 5,0,8,DDR4,256,1024,Windows,64-bit,0,Gaming,1,No,Yes,63990.0,4,348.75,45
735,HP,AMD,Ryzen 5,0,4,DDR4,256,1024,Windows,64-bit,4,Gaming,1,No,No,80000.0,4,34.0,6
736,DELL,AMD,Ryzen 5,0,4,DDR4,256,1024,Windows,32-bit,0,Casual,0,No,No,51990.0,3,0.0,0
737,ASUS,AMD,Ryzen 5,0,4,DDR4,256,1024,Windows,64-bit,0,Casual,1,No,Yes,62990.0,4,165.0,34
738,HP,AMD,Ryzen 5,0,4,DDR4,256,1024,Windows,64-bit,0,ThinNlight,1,No,No,52990.0,4,348.75,45
739,ASUS,AMD,Ryzen 5,0,4,DDR4,256,1024,Windows,64-bit,0,ThinNlight,1,No,Yes,75100.0,3,0.0,0
740,ASUS,AMD,Ryzen 7,0,16,DDR4,512,0,Windows,32-bit,4,Gaming,0,No,No,76990.0,4,22.0,3
741,ASUS,AMD,Ryzen 7,0,16,DDR4,512,0,Windows,64-bit,4,Casual,1,No,No,79990.0,3,0.0,0
742,ASUS,AMD,Ryzen 7,0,8,DDR4,512,0,Windows,64-bit,4,Casual,0,No,No,71990.0,4,144.0,16
743,ASUS,AMD,Ryzen 7,0,8,DDR4,512,0,Windows,64-bit,4,Casual,0,No,No,71990.0,4,348.75,45
744,Lenovo,AMD,Ryzen 7,0,16,DDR4,512,0,Windows,64-bit,4,Casual,1,No,Yes,99990.0,4,26.0,1
745,ASUS,AMD,Ryzen 7,0,16,DDR4,512,0,Windows,64-bit,0,Casual,1,No,No,79990.0,3,0.0,0
746,DELL,AMD,Ryzen 7,0,16,DDR4,512,0,Windows,64-bit,4,Casual,1,No,No,93990.0,3,0.0,0
747,ASUS,AMD,Ryzen 7,0,16,DDR4,512,0,Windows,64-bit,4,Gaming,0,No,No,82990.0,4,348.75,45
748,ASUS,AMD,Ryzen 7,0,4,DDR5,512,0,Windows,64-bit,4,Casual,0,No,No,106990.0,3,0.0,0
749,ASUS,AMD,Ryzen 7,0,4,DDR4,512,0,Windows,64-bit,0,Casual,1,No,No,92990.0,4,25.0,4
750,Lenovo,Intel,Ryzen 7,0,4,DDR4,512,0,Windows,32-bit,4,Casual,3,No,Yes,81490.0,3,0.0,0
751,ASUS,AMD,Ryzen 7,0,4,DDR4,512,0,Windows,64-bit,0,Casual,1,No,Yes,56990.0,3,0.0,0
752,MSI,AMD,Ryzen 7,0,4,DDR4,512,0,Windows,64-bit,0,Casual,0,No,No,64990.0,3,0.0,0
753,Lenovo,AMD,Ryzen 7,0,4,DDR4,512,0,Windows,64-bit,0,Casual,1,No,Yes,60990.0,4,348.75,45
754,Lenovo,AMD,Ryzen 7,0,4,DDR4,512,0,Windows,64-bit,4,Casual,1,No,Yes,84988.0,3,0.0,0
755,HP,AMD,Ryzen 7,0,4,DDR4,512,0,Windows,64-bit,4,Casual,1,No,No,90990.0,4,273.0,40
756,ASUS,AMD,Ryzen 7,0,4,DDR4,512,0,Windows,64-bit,0,Casual,1,No,No,63990.0,4,77.0,7
757,Lenovo,AMD,Ryzen 7,0,4,DDR4,512,0,Windows,64-bit,0,Casual,1,No,Yes,63990.0,4,105.0,10
758,HP,AMD,Ryzen 7,0,4,DDR4,512,0,Windows,64-bit,0,ThinNlight,1,No,Yes,57999.0,4,44.0,5
759,ASUS,AMD,Ryzen 7,0,4,DDR4,512,0,Windows,32-bit,4,Casual,0,No,No,72400.0,3,0.0,0
760,Lenovo,AMD,Ryzen 7,0,4,DDR4,512,0,Windows,64-bit,0,Casual,1,Yes,No,78990.0,4,6.0,0
761,acer,AMD,Ryzen 7,0,4,DDR4,512,0,Windows,64-bit,0,ThinNlight,1,No,No,59990.0,3,0.0,0
762,ASUS,AMD,Ryzen 7,0,4,DDR5,512,0,Windows,32-bit,4,Casual,1,No,No,111990.0,3,0.0,0
763,HP,AMD,Ryzen 7,0,4,DDR4,512,0,Windows,32-bit,0,Casual,0,Yes,No,109000.0,3,0.0,0
764,DELL,AMD,Ryzen 7,0,4,DDR4,512,0,Windows,64-bit,6,Casual,0,No,No,89990.0,4,191.0,27
765,Lenovo,AMD,Ryzen 7,0,4,DDR4,512,0,Windows,64-bit,0,Casual,3,Yes,Yes,78988.0,3,0.0,0
766,Lenovo,AMD,Ryzen 7,0,4,DDR4,512,0,Windows,64-bit,4,Casual,0,No,No,73138.0,3,4.0,1
767,Lenovo,AMD,Ryzen 7,0,4,DDR4,512,0,Windows,64-bit,4,Casual,1,No,No,106990.0,3,0.0,0
768,ASUS,AMD,Ryzen 7,0,4,DDR4,512,0,Windows,32-bit,4,Casual,0,No,No,79990.0,3,0.0,0
769,DELL,AMD,Ryzen 7,0,4,DDR4,512,0,Windows,64-bit,0,Casual,1,Yes,Yes,89570.0,3,0.0,0
770,HP,AMD,Ryzen 7,0,4,DDR4,512,0,Windows,64-bit,0,ThinNlight,1,No,Yes,68500.0,4,134.0,22
771,Lenovo,AMD,Ryzen 7,0,16,DDR4,512,0,Windows,64-bit,0,Casual,1,No,No,73400.0,3,0.0,0
772,HP,AMD,Ryzen 7,0,16,DDR4,512,0,Windows,64-bit,2,Casual,1,No,Yes,79990.0,3,23.0,6
773,HP,AMD,Ryzen 7,0,16,DDR4,512,0,Windows,64-bit,4,Gaming,1,No,Yes,84990.0,2,4.0,2
774,MSI,AMD,Ryzen 7,0,16,DDR4,1024,0,Windows,64-bit,8,Casual,1,No,No,99990.0,4,108.0,24
775,ASUS,AMD,Ryzen 7,0,8,LPDDR4X,1024,0,Windows,64-bit,4,Casual,0,No,No,72990.0,4,198.0,24
776,HP,AMD,Ryzen 7,0,16,DDR4,1024,0,Windows,64-bit,0,ThinNlight,1,Yes,Yes,92990.0,3,0.0,0
777,HP,AMD,Ryzen 7,0,16,DDR4,1024,0,Windows,64-bit,0,ThinNlight,1,No,Yes,84190.0,3,0.0,0
778,ASUS,AMD,Ryzen 7,0,16,LPDDR4X,1024,0,Windows,64-bit,0,Casual,0,Yes,No,112990.0,3,0.0,0
779,ASUS,AMD,Ryzen 7,0,4,DDR5,1024,0,Windows,32-bit,4,Casual,1,No,No,114990.0,3,0.0,0
780,acer,AMD,Ryzen 7,0,4,DDR4,1024,0,Windows,64-bit,4,Casual,1,No,No,99990.0,3,0.0,0
781,ASUS,AMD,Ryzen 7,0,4,DDR4,1024,0,Windows,32-bit,4,Gaming,0,No,No,95990.0,4,57.0,3
782,HP,AMD,Ryzen 7,0,4,DDR4,1024,0,Windows,64-bit,8,Casual,1,No,No,154947.5,4,17.0,2
783,ASUS,AMD,Ryzen 7,0,4,DDR4,1024,0,Windows,64-bit,0,Casual,1,No,Yes,76990.0,3,0.0,0
784,Lenovo,AMD,Ryzen 7,0,4,DDR4,1024,0,Windows,64-bit,6,Casual,1,No,Yes,130990.0,3,0.0,0
785,ASUS,AMD,Ryzen 7,0,4,DDR4,1024,0,Windows,64-bit,0,Casual,1,No,No,99990.0,3,0.0,0
786,ASUS,AMD,Ryzen 7,0,4,DDR5,1024,0,Windows,64-bit,4,Casual,0,No,No,112990.0,3,0.0,0
787,Lenovo,AMD,Ryzen 7,0,4,DDR4,1024,0,Windows,64-bit,0,Casual,1,No,Yes,77988.0,3,0.0,0
788,ASUS,AMD,Ryzen 7,0,4,DDR4,1024,0,Windows,64-bit,0,Casual,1,No,Yes,76000.0,5,1.0,1
789,ASUS,AMD,Ryzen 7,0,4,LPDDR4X,1024,0,Windows,64-bit,4,Casual,1,Yes,No,99990.0,4,77.0,15
790,ASUS,AMD,Ryzen 7,0,4,DDR4,1024,0,Windows,64-bit,0,Casual,1,No,No,111000.0,3,0.0,0
791,ASUS,AMD,Ryzen 7,0,16,LPDDR4X,1024,0,Windows,64-bit,0,ThinNlight,1,No,Yes,84970.0,3,2.0,1
792,HP,AMD,Ryzen 7,0,16,DDR4,256,1024,Windows,64-bit,4,Gaming,1,No,Yes,75990.0,4,348.75,45
793,acer,AMD,Ryzen 7,0,16,DDR4,256,1024,Windows,64-bit,6,Casual,1,No,No,89990.0,4,272.0,36
794,acer,AMD,Ryzen 7,0,16,DDR4,256,1024,Windows,64-bit,4,Casual,0,No,No,81990.0,4,141.0,24
795,Lenovo,AMD,Ryzen 7,0,4,DDR4,512,1024,Windows,32-bit,0,Casual,0,No,No,80490.0,3,0.0,0
796,ASUS,AMD,Ryzen 9,0,16,DDR4,1024,0,Windows,64-bit,6,Casual,1,No,No,135990.0,3,0.0,0
797,ASUS,AMD,Ryzen 9,0,16,DDR4,1024,0,Windows,32-bit,0,Casual,1,No,No,154947.5,4,194.0,42
798,ASUS,AMD,Ryzen 9,0,16,DDR4,1024,0,Windows,64-bit,8,Casual,1,No,Yes,154947.5,4,9.0,2
799,ASUS,AMD,Ryzen 9,0,16,DDR4,1024,0,Windows,64-bit,4,Casual,0,No,No,114990.0,4,28.0,4
800,ASUS,AMD,Ryzen 9,0,16,DDR4,1024,0,Windows,64-bit,6,Casual,1,No,Yes,129990.0,4,204.0,35
801,ASUS,AMD,Ryzen 9,0,16,LPDDR4X,1024,0,Windows,64-bit,4,Casual,1,Yes,Yes,114990.0,4,32.0,6
802,MSI,AMD,Ryzen 9,0,4,DDR4,1024,0,Windows,64-bit,0,Casual,0,No,No,146990.0,3,0.0,0
803,ASUS,AMD,Ryzen 9,0,4,DDR4,1024,0,Windows,64-bit,0,Casual,1,No,No,104990.0,4,14.0,2
804,ASUS,AMD,Ryzen 9,0,4,LPDDR4X,1024,0,Windows,64-bit,4,Casual,1,Yes,No,114990.0,4,14.0,1
805,ASUS,AMD,Ryzen 9,0,4,LPDDR4X,1024,0,Windows,64-bit,4,Casual,1,Yes,Yes,124990.0,5,3.0,0
806,ASUS,AMD,Ryzen 9,0,4,LPDDR4X,1024,0,Windows,64-bit,0,Casual,0,Yes,No,134990.0,3,0.0,0
807,HP,AMD,Ryzen 9,0,4,DDR4,1024,0,Windows,64-bit,8,Casual,1,No,Yes,141990.0,3,0.0,0
808,ASUS,AMD,Ryzen 9,0,4,DDR4,1024,0,Windows,64-bit,0,Casual,1,No,No,129990.0,3,0.0,0
809,ASUS,AMD,Ryzen 9,0,4,LPDDR4X,1024,0,Windows,64-bit,4,Casual,1,Yes,Yes,142990.0,4,4.0,1
810,ASUS,AMD,Ryzen 9,0,4,DDR4,1024,0,Windows,64-bit,0,Casual,1,No,No,121990.0,3,0.0,0
811,ASUS,AMD,Ryzen 9,0,4,LPDDR4X,1024,0,Windows,64-bit,4,Casual,1,Yes,Yes,124990.0,4,44.0,12
812,ASUS,AMD,Ryzen 9,0,4,DDR4,1024,0,Windows,64-bit,6,Casual,0,No,No,141990.0,4,61.0,13
813,ASUS,AMD,Ryzen 9,0,4,DDR4,1024,0,Windows,64-bit,4,Casual,1,No,No,154947.5,3,0.0,0
814,ASUS,AMD,Ryzen 9,0,4,DDR4,1024,0,Windows,64-bit,0,Casual,1,No,No,130500.0,3,0.0,0
815,ASUS,AMD,Ryzen 9,0,4,DDR4,1024,0,Windows,64-bit,4,Casual,0,No,No,116990.0,3,0.0,0
816,ASUS,AMD,Ryzen 9,0,4,DDR4,1024,0,Windows,32-bit,6,Casual,0,No,No,138990.0,3,0.0,0
817,ASUS,AMD,Ryzen 9,0,4,LPDDR4X,1024,0,Windows,64-bit,4,Casual,1,Yes,Yes,154947.5,3,0.0,0
818,ASUS,AMD,Ryzen 9,0,4,DDR4,1024,0,Windows,64-bit,0,Casual,1,No,No,135990.0,3,0.0,0
819,ASUS,AMD,Ryzen 9,0,4,DDR4,1024,0,Windows,64-bit,0,Casual,1,No,No,144990.0,3,0.0,0
820,ASUS,AMD,Ryzen 9,0,4,DDR4,1024,0,Windows,64-bit,4,Casual,1,No,No,149990.0,3,0.0,0
821,ASUS,AMD,Ryzen 9,0,4,DDR4,1024,0,Windows,64-bit,4,Casual,1,No,No,142990.0,3,0.0,0
822,Lenovo,AMD,Ryzen 5,10,8,DDR4,512,0,DOS,64-bit,0,ThinNlight,0,No,No,57490.0,4,18.0,4
